movie_id,user_id,tariff_id,datetime
15067,1458,4,2016-05-10 21:01:35
4347,342,1,2011-12-18 21:19:10
11370,187,2,2011-06-25 19:58:18
503,1568,3,2013-10-16 13:11:01
2649,1476,0,2013-05-08 01:10:40
157386,1962,3,2011-11-12 20:15:54
37165,1023,2,2010-05-31 07:52:02
62008,322,2,2017-05-01 04:16:56
15301,1329,0,2009-09-05 20:18:42
84892,647,0,2015-03-16 12:52:43
1887,503,3,2010-04-07 04:27:19
21525,545,2,2009-09-05 18:36:30
266857,191,3,2010-12-09 20:56:47
9036,1336,2,2013-09-07 19:00:56
9759,1372,3,2013-06-14 16:21:47
11283,1042,4,2010-11-01 14:19:33
64688,173,2,2015-03-07 22:44:34
8976,1110,3,2016-02-22 03:02:02
21512,626,0,2013-10-12 20:26:09
114,1703,2,2011-01-12 09:08:19
28666,1521,3,2014-12-05 21:29:12
2294,1814,2,2017-09-12 01:57:41
10844,1783,2,2014-01-19 20:28:39
10199,1611,0,2017-04-08 04:22:54
682,671,3,2013-02-24 23:30:53
480,1180,3,2010-05-07 21:24:56
238615,1716,2,2015-04-11 03:29:45
50348,601,2,2011-04-20 11:33:37
360188,129,0,2009-10-21 05:23:36
367551,1894,0,2011-10-10 03:43:17
45791,858,3,2009-11-09 00:04:44
166624,547,3,2011-11-26 10:15:05
4911,760,0,2014-06-05 16:09:50
317930,39,3,2010-11-13 00:30:14
10167,345,1,2013-03-27 10:36:48
10024,1841,3,2016-10-18 10:23:25
298,1690,0,2010-08-01 02:31:24
59440,106,0,2012-12-27 23:59:40
33106,1434,0,2016-05-08 19:28:44
4011,681,0,2010-03-24 07:48:38
240832,227,4,2011-02-12 15:35:33
223,1222,3,2013-04-22 04:43:12
85,626,3,2013-11-09 08:45:07
11342,775,1,2014-12-06 08:58:31
39833,391,1,2016-05-14 00:30:01
59457,902,2,2009-05-19 07:19:37
22825,1739,4,2016-10-13 13:34:42
14,204,4,2012-07-23 09:05:59
152742,1835,2,2013-11-05 18:02:18
525,384,3,2009-03-05 18:36:33
158015,1154,4,2014-12-07 17:23:18
1088,1555,1,2010-03-27 23:07:42
10410,1908,1,2010-08-25 04:03:49
9416,1500,0,2015-11-23 06:26:35
20337,629,4,2011-04-08 05:17:36
14434,488,2,2015-11-13 10:08:46
658,1936,4,2015-06-16 19:19:33
40688,60,2,2012-04-22 17:23:45
11113,1164,1,2014-09-21 00:44:16
356987,467,3,2015-01-03 10:19:32
13937,174,3,2010-06-04 17:58:38
687,926,3,2013-10-04 22:26:17
48034,847,0,2017-01-09 11:41:08
2567,1062,2,2012-04-19 08:56:35
1573,1108,4,2012-01-27 08:48:09
174,401,2,2016-09-23 08:37:45
408,233,1,2013-05-08 05:03:09
10090,1251,1,2015-07-01 23:56:58
290825,1739,2,2010-03-06 02:52:39
10013,335,4,2016-09-20 12:28:08
57165,1250,0,2015-10-30 06:16:45
91314,1873,1,2013-06-02 12:02:34
356483,994,1,2009-10-25 08:27:40
8976,1493,4,2014-11-06 23:46:38
10329,196,2,2012-05-13 16:55:27
1268,367,4,2016-03-10 16:57:49
433,357,1,2009-03-27 18:13:59
259943,521,3,2012-12-20 08:42:07
272724,958,2,2015-03-29 10:46:15
13579,962,1,2013-03-04 09:44:12
44833,1566,2,2010-02-10 15:13:45
325579,283,0,2013-06-18 04:22:51
21349,1083,3,2010-12-30 14:24:39
8975,1856,4,2016-04-11 01:06:29
15648,0,4,2010-03-31 01:34:57
11257,1581,4,2017-08-10 13:42:50
11306,1362,2,2012-02-05 22:05:13
1574,864,0,2015-12-02 16:51:25
109428,1897,1,2013-09-14 18:08:22
63492,447,3,2016-08-20 07:07:50
15487,1155,4,2016-12-15 20:26:52
100402,228,1,2014-10-07 22:25:35
14112,1173,1,2013-04-14 20:43:50
2054,730,3,2013-03-15 17:33:15
5966,593,2,2009-04-18 11:47:31
35056,424,3,2010-12-13 16:38:22
31668,300,0,2010-02-01 12:57:28
2577,478,1,2010-05-31 16:55:58
11624,1255,0,2011-04-04 14:45:49
280871,194,3,2014-02-04 22:54:38
9327,963,2,2014-09-24 17:22:38
91586,1984,3,2014-06-30 10:38:31
68179,324,2,2010-08-01 13:16:01
224569,194,0,2010-08-17 14:51:11
11007,1745,0,2012-10-25 03:56:40
10217,1885,0,2009-01-03 11:31:11
9763,147,4,2015-06-03 01:42:29
609,817,2,2010-01-09 08:56:01
17795,1183,0,2012-03-08 04:48:11
298584,1529,2,2011-03-18 03:46:54
1424,1392,4,2014-10-29 07:23:21
8007,686,4,2015-11-13 01:10:26
11565,269,1,2009-03-13 00:31:15
10727,786,4,2017-01-19 09:36:31
10913,526,0,2015-03-27 06:34:39
9449,815,3,2016-12-12 23:23:52
15045,565,1,2013-11-05 17:16:49
264999,1732,1,2011-02-02 18:13:05
435,1157,1,2011-07-04 21:18:47
7501,1203,0,2011-12-04 14:01:12
379532,198,4,2011-02-14 17:45:27
22971,1829,1,2016-03-25 08:10:00
13909,719,4,2014-01-13 05:06:23
10786,1292,1,2009-10-09 00:08:12
193893,1764,4,2016-03-05 04:27:28
83860,1875,3,2009-10-23 09:18:27
370980,107,1,2016-11-07 12:09:24
45791,1861,1,2016-02-13 04:37:00
18074,226,2,2009-06-28 09:14:53
164457,1990,2,2017-04-08 10:31:32
1440,269,0,2014-04-23 04:09:39
1548,1053,3,2011-09-01 22:31:54
14012,1706,1,2009-05-21 04:04:16
100042,1830,2,2017-07-31 04:58:57
16727,145,3,2014-03-06 17:52:18
9067,327,4,2017-10-06 20:32:40
9702,564,0,2011-11-16 08:50:27
9095,133,2,2017-10-18 18:46:26
1880,412,3,2012-07-10 23:52:39
10431,1837,3,2010-05-02 04:22:42
8198,1287,3,2015-07-08 22:20:06
47327,1454,0,2017-07-10 08:21:26
7942,1319,2,2009-03-11 02:58:24
3089,953,1,2010-10-02 11:41:19
37931,237,2,2017-09-14 13:14:14
61012,342,2,2011-01-30 17:26:58
23048,954,4,2013-10-12 01:43:59
2309,1960,2,2010-06-15 16:23:05
16052,49,0,2011-05-28 13:41:26
124459,1419,1,2012-02-13 05:38:19
17332,1410,1,2012-07-09 06:29:25
2133,281,1,2012-08-02 01:00:29
113406,42,0,2012-09-09 14:05:37
361398,1164,2,2012-02-03 18:49:09
4982,1200,1,2016-08-16 02:18:16
9567,24,4,2017-12-09 05:32:13
7870,1747,2,2011-02-24 05:33:04
462,1978,2,2016-07-31 01:18:35
38055,854,0,2012-04-23 15:34:29
5255,865,0,2015-08-18 03:13:31
264999,1214,4,2016-09-07 00:20:17
26843,1899,3,2016-04-15 13:50:10
9918,1740,1,2009-03-25 01:09:50
175541,791,0,2010-03-28 13:57:42
9903,1364,3,2012-11-17 14:31:15
39037,724,4,2011-02-23 06:10:35
23570,1887,1,2014-11-07 11:52:57
35032,528,4,2016-06-10 13:09:54
14392,340,3,2012-02-20 18:48:52
50698,244,4,2012-03-07 02:55:38
2752,1435,2,2017-05-26 15:00:13
272724,1348,3,2014-12-24 06:35:10
296098,1815,3,2016-12-14 13:32:02
11827,1287,0,2012-02-17 18:08:25
44594,186,4,2012-05-29 04:12:10
16996,898,2,2017-04-15 14:37:33
323967,639,2,2009-12-14 06:02:10
153518,764,2,2011-04-08 01:30:34
46729,1954,4,2016-06-30 13:43:55
13370,1254,3,2017-08-25 00:21:59
137093,137,2,2015-02-20 18:15:26
50135,1156,1,2009-12-22 10:02:56
772,1616,0,2012-03-10 07:09:46
11495,1398,4,2015-04-18 09:04:51
49010,1784,1,2017-08-28 22:04:35
2266,1230,0,2011-10-28 14:13:01
15655,1040,4,2011-07-20 06:08:41
14442,614,3,2011-10-24 09:37:53
2428,1348,0,2012-03-20 05:11:41
9452,961,1,2009-06-02 03:08:27
72086,666,4,2012-10-17 09:25:14
123553,1139,3,2011-03-17 04:43:03
86829,1422,3,2016-11-12 02:48:43
10397,225,4,2016-11-25 00:53:35
2255,801,2,2015-11-29 07:34:14
1930,305,1,2009-02-01 04:59:00
27374,541,1,2017-11-24 20:01:27
209263,1703,3,2014-11-11 04:16:38
10930,1564,0,2015-02-16 11:57:45
319069,1811,3,2015-07-23 03:16:36
196867,1815,4,2015-03-15 15:34:16
20862,1796,0,2015-08-04 15:56:35
9400,598,2,2009-03-16 18:42:47
18530,1195,2,2010-11-16 23:38:15
58048,117,3,2010-07-02 12:25:23
10710,259,1,2009-07-30 01:45:04
157353,1287,0,2012-02-02 02:25:24
21765,381,3,2016-09-14 12:24:54
9962,1920,4,2017-10-01 17:58:03
61038,897,4,2012-06-17 15:32:44
82507,1583,2,2016-10-03 14:42:03
1581,893,0,2014-09-28 23:28:57
15568,1567,3,2009-10-02 14:04:16
9517,1028,1,2011-11-23 04:33:08
13183,1439,0,2010-04-09 21:02:52
19933,1420,2,2010-05-06 22:34:19
9760,513,0,2010-05-27 17:29:18
11113,234,1,2017-10-25 06:05:43
25704,878,4,2017-07-29 07:00:09
72766,1015,3,2009-11-09 13:43:51
377,629,0,2017-11-02 12:16:03
282128,767,4,2015-09-02 18:20:54
76203,1283,4,2014-01-03 10:35:51
19316,183,4,2009-12-11 03:15:20
10281,1801,1,2014-04-02 09:38:25
12220,844,3,2016-03-21 00:54:15
4551,77,2,2011-06-30 07:47:03
55561,551,3,2013-08-01 03:34:02
186935,527,2,2013-08-03 04:04:53
171274,395,2,2013-06-29 10:22:12
38541,488,3,2014-09-10 11:01:26
87825,1930,1,2014-02-05 02:03:49
51540,996,0,2011-10-18 02:46:28
30141,1137,2,2009-12-03 05:45:20
9466,599,3,2013-05-20 12:39:38
1771,1877,2,2014-12-18 10:30:53
15239,1503,0,2011-08-08 11:14:19
1904,701,0,2017-08-05 10:11:26
13159,992,2,2010-10-16 14:03:31
141,1430,0,2015-11-17 03:26:48
9954,948,1,2016-01-18 16:29:11
10991,1510,3,2010-06-17 18:37:00
190955,171,0,2013-10-23 06:15:29
2270,1560,3,2015-07-09 13:14:42
37165,759,0,2016-05-01 10:24:00
13191,613,1,2013-07-18 00:23:13
14014,1204,0,2011-02-24 08:11:50
10195,398,4,2011-08-04 05:18:26
13223,500,4,2013-10-28 10:02:16
8875,1944,0,2010-08-07 06:41:18
13072,731,4,2016-07-15 12:11:49
39037,1705,3,2013-10-25 11:19:10
251979,564,2,2012-11-18 16:17:27
9916,292,3,2015-07-11 23:38:33
281730,665,4,2017-07-05 08:48:33
679,1033,3,2012-09-12 19:08:50
77934,1030,4,2011-05-08 07:03:58
10533,1548,3,2014-04-12 18:15:56
9208,884,0,2010-08-04 00:54:54
33870,544,0,2017-03-29 00:02:48
75612,891,4,2014-09-13 06:25:46
17710,1542,1,2015-09-08 02:17:38
306667,935,4,2016-09-15 15:34:25
12486,1263,3,2012-03-06 05:12:46
3604,630,1,2012-01-30 17:49:32
50725,1727,0,2011-10-20 14:48:42
89857,856,2,2009-08-06 15:36:38
2114,904,1,2012-11-06 19:12:49
157336,1524,0,2013-04-09 08:38:29
50544,1872,2,2009-08-28 11:44:06
30890,57,4,2009-06-11 15:03:56
301351,644,2,2015-02-10 11:55:16
13685,1970,1,2009-12-20 14:52:18
365052,519,1,2010-04-24 03:23:53
9819,1010,0,2014-03-18 18:24:12
34653,280,2,2009-04-25 15:10:12
10748,1806,2,2010-01-06 21:08:15
9472,881,0,2015-10-13 23:48:16
9374,1928,0,2010-02-21 03:14:14
34417,359,3,2014-12-27 06:55:56
256274,105,4,2016-06-19 03:40:03
322745,912,1,2011-09-11 13:41:54
324668,892,1,2015-01-30 14:42:36
11056,371,3,2010-04-13 15:44:53
374461,780,0,2014-10-21 20:25:37
9389,243,4,2009-09-04 03:40:45
10316,9,2,2016-04-14 20:24:17
328387,802,4,2011-06-11 03:49:44
109418,592,4,2011-05-24 05:36:51
48289,245,1,2013-09-30 03:34:03
9772,1817,1,2014-07-30 23:22:54
13429,955,1,2014-01-23 20:16:57
2142,833,0,2009-08-19 11:28:10
20156,597,2,2010-03-11 13:22:09
24066,608,3,2014-09-24 01:34:40
8069,261,1,2012-07-29 18:02:33
10353,1459,4,2017-07-04 20:12:37
62837,1461,0,2015-09-10 23:30:10
20156,986,4,2015-11-07 15:48:10
9982,878,4,2009-04-11 09:29:02
11456,52,1,2016-06-30 04:50:32
36549,1977,4,2017-06-15 11:11:31
10377,901,0,2009-03-03 08:48:13
39800,1172,3,2015-12-01 01:02:57
25983,1143,3,2011-10-11 06:28:40
11165,186,3,2015-05-07 18:11:59
15239,1254,1,2016-11-22 08:22:43
10664,1412,0,2014-10-15 23:23:06
206296,1995,4,2012-11-05 16:20:32
50359,167,1,2010-02-15 05:11:08
21461,277,0,2013-08-19 01:56:45
433,774,0,2010-09-18 03:48:44
15037,58,2,2014-05-17 01:05:13
123553,257,2,2012-07-19 16:43:35
293863,638,1,2010-06-25 18:16:51
11545,298,4,2012-05-17 07:00:12
10288,1680,1,2011-10-10 18:19:14
10167,375,4,2015-05-12 19:14:47
24150,93,0,2013-05-04 18:24:29
1726,255,3,2016-07-20 17:06:02
11354,1996,4,2013-07-03 04:45:58
17917,636,4,2010-02-16 06:33:23
50725,1668,2,2015-09-29 05:59:26
18808,1239,4,2015-06-05 00:07:04
232672,858,1,2011-04-16 10:43:26
157353,860,3,2017-05-17 07:00:40
2008,42,1,2016-09-17 05:37:46
5852,1194,4,2009-11-25 19:34:19
10895,1728,3,2012-05-06 17:22:29
11577,862,0,2016-11-06 21:44:56
8987,241,2,2011-12-01 04:36:51
3179,928,1,2011-04-15 07:39:34
18886,897,0,2009-01-27 05:37:45
1913,1687,0,2017-04-10 20:41:25
15373,909,4,2013-01-10 16:36:42
57120,1853,2,2009-10-01 15:48:52
4824,1955,0,2014-05-29 13:27:27
64807,907,2,2012-10-20 21:34:43
102840,820,4,2011-01-25 03:14:59
222649,1577,1,2014-12-28 07:31:45
242095,1881,1,2011-01-09 17:30:34
199373,1662,3,2015-05-09 17:05:41
7504,1521,3,2015-12-22 06:33:41
15544,631,2,2011-06-20 01:10:50
22314,1716,2,2011-10-17 06:56:01
296,1729,3,2015-01-03 08:19:44
22530,1576,0,2017-01-24 19:01:29
12703,665,0,2011-10-11 11:55:29
25975,1065,0,2015-12-04 12:02:45
39939,512,0,2013-10-14 03:27:59
66195,1391,0,2015-12-11 09:07:14
306745,1167,0,2017-03-26 04:52:05
22215,1236,0,2012-03-12 21:42:02
26268,283,1,2011-02-19 18:31:12
18550,702,0,2012-11-23 17:56:11
72571,844,2,2015-08-03 21:25:17
10027,1294,1,2014-11-07 02:11:33
23172,372,0,2017-11-26 15:04:39
40963,181,4,2012-09-12 13:55:37
49526,1839,0,2013-12-15 10:24:50
60304,717,3,2017-05-05 14:42:37
50698,124,1,2010-11-14 08:48:41
41446,1164,0,2012-02-18 15:00:41
300168,1495,4,2011-09-22 22:44:33
10591,1436,4,2017-05-29 14:40:20
12612,1632,4,2009-02-15 08:45:45
241257,782,2,2017-05-16 07:36:16
10756,1632,4,2014-07-09 22:12:53
1997,1912,3,2012-07-10 16:14:50
11820,1876,0,2009-05-30 16:40:02
3059,1130,3,2016-05-28 01:57:17
37985,1870,2,2015-08-28 15:56:16
48289,533,3,2014-01-09 19:08:26
15745,181,1,2009-06-21 23:58:49
62213,49,0,2015-09-02 07:00:51
360188,928,4,2013-06-03 13:26:39
429,1073,4,2010-04-06 15:50:49
34851,1496,3,2017-03-17 12:47:09
21338,1797,4,2015-05-24 16:23:02
274758,1422,2,2013-10-10 16:34:39
2502,58,0,2013-07-02 15:35:40
664,843,3,2015-02-13 21:33:03
1443,1467,2,2014-11-08 11:19:50
214,109,0,2013-03-16 09:42:44
16072,1040,3,2013-08-02 09:16:30
256092,1042,4,2016-03-29 19:10:14
849,1737,4,2012-03-04 15:26:43
75174,1719,1,2012-08-16 09:52:12
164457,1786,0,2016-11-22 15:11:58
335244,1429,0,2014-06-29 08:27:42
44754,1856,2,2010-11-12 21:37:48
868,1002,3,2013-01-19 19:43:06
2687,625,0,2009-06-13 23:54:25
50601,590,3,2014-10-18 12:24:09
11324,513,4,2010-05-06 00:12:05
9813,1374,1,2015-11-30 03:34:11
158752,629,0,2010-04-12 12:54:15
987,1453,3,2016-12-21 10:31:27
26673,1553,1,2013-07-23 04:59:39
42297,1442,2,2017-07-20 03:56:11
9667,1177,2,2013-12-25 00:39:47
45791,976,3,2013-10-25 21:09:55
78705,659,0,2011-11-17 23:31:10
8879,350,0,2011-06-04 04:29:41
43935,1435,3,2017-05-11 09:29:46
11137,352,2,2010-02-03 21:37:08
4965,1891,0,2010-07-31 16:31:10
9335,155,1,2017-11-06 11:07:15
257932,1480,3,2016-08-03 05:21:56
86837,107,3,2013-12-08 10:19:37
62677,1018,2,2014-10-21 17:34:10
194588,942,1,2013-03-19 04:11:04
231617,1516,1,2014-06-15 01:01:19
35073,1052,2,2017-01-10 19:45:19
116711,1011,3,2015-06-19 17:06:06
629,1580,1,2012-07-09 05:01:46
14849,611,4,2016-11-18 15:44:05
704,777,4,2009-10-10 09:18:28
6479,581,2,2012-07-28 14:54:54
334,125,0,2017-07-01 16:26:49
29697,943,0,2010-09-11 12:44:00
10592,1557,4,2013-01-07 08:19:08
10549,1316,1,2012-06-20 02:30:38
10776,819,4,2009-06-25 16:11:28
9945,911,1,2011-01-07 11:24:00
1546,1150,3,2009-12-02 08:57:07
8452,1865,1,2015-09-12 20:06:10
2255,1515,0,2012-06-19 18:52:10
313922,473,2,2017-09-22 17:05:39
38780,884,1,2011-06-16 02:15:37
227735,792,3,2015-10-05 22:37:21
12277,1715,3,2011-10-12 08:24:39
205588,939,2,2013-07-25 09:20:48
26843,1720,0,2011-10-06 07:54:19
3082,1821,2,2012-10-30 09:42:44
257445,1469,0,2016-12-30 20:46:39
117942,1286,1,2017-11-22 12:54:01
244114,1248,0,2014-05-06 07:03:29
107315,558,4,2014-09-23 06:51:46
879,1590,0,2014-06-08 02:52:56
11353,1741,0,2017-09-26 15:26:52
43434,887,0,2012-10-20 14:36:07
127867,633,4,2016-10-07 11:13:50
133575,1020,3,2015-02-11 01:32:46
1546,155,2,2013-04-27 18:37:04
14849,1346,3,2016-08-20 00:56:54
9682,1778,2,2014-05-01 02:10:22
1949,1121,3,2009-04-01 08:12:16
15556,219,3,2011-10-29 02:54:52
103731,1045,2,2014-05-01 10:03:53
173,966,2,2014-10-21 08:24:13
146269,199,3,2009-08-16 20:40:15
75174,697,4,2011-08-05 08:52:51
57294,346,4,2014-11-06 05:55:04
10567,1386,1,2016-01-14 18:12:09
9728,1708,0,2014-03-13 11:27:25
11026,1844,4,2015-07-04 23:23:33
52462,1628,4,2010-02-22 02:54:48
49047,646,4,2013-04-28 09:28:13
220488,1849,3,2013-07-21 05:34:17
4379,1868,4,2015-10-12 20:39:22
1777,832,2,2010-02-01 03:39:19
23168,725,1,2012-09-07 01:04:10
38356,41,3,2013-02-18 19:58:25
331745,1476,2,2012-08-30 05:45:02
11507,1191,1,2016-11-20 01:58:16
9027,1200,1,2013-02-13 02:13:16
1858,1465,1,2016-07-27 18:42:17
10368,1182,0,2017-08-25 06:26:06
244316,1512,3,2012-10-11 13:19:58
138843,1146,0,2013-07-30 03:44:26
101179,1093,3,2017-06-14 01:41:12
8292,73,1,2017-09-13 02:24:14
9331,1377,4,2011-05-20 10:13:42
110683,161,4,2013-03-04 08:29:44
49020,1964,3,2009-08-04 02:49:42
257344,1992,3,2014-10-23 13:12:00
28121,1667,2,2014-01-25 22:02:28
605,1003,3,2014-05-24 13:48:35
287524,1012,2,2012-01-08 04:30:13
335874,986,4,2017-10-07 23:27:29
266396,1365,2,2017-06-05 05:00:53
20,150,2,2013-08-02 04:48:24
5491,371,4,2014-05-14 03:17:45
7451,1962,3,2013-01-12 10:20:23
123553,476,3,2017-03-04 01:20:27
301351,1559,3,2011-01-29 13:51:04
10073,260,4,2017-03-18 17:22:18
36351,1182,0,2009-04-09 21:29:32
70435,834,2,2015-09-27 05:21:56
392,281,4,2014-03-26 09:33:14
601,1956,0,2016-12-20 15:07:06
261023,1514,3,2017-01-29 18:27:29
426067,1589,0,2014-01-23 01:30:07
50780,1311,1,2010-12-06 10:12:02
5925,1505,1,2012-03-25 01:06:28
10985,1192,3,2014-12-05 15:00:31
46138,1313,1,2014-11-25 21:26:31
8913,1927,2,2009-12-23 16:01:09
8976,1932,4,2009-12-03 11:34:53
57119,1873,2,2017-02-06 02:36:22
80,1472,0,2010-10-22 04:51:09
13538,340,2,2016-01-06 18:10:59
14574,516,4,2017-06-12 20:32:32
2140,1747,2,2009-08-15 21:37:12
10030,1393,4,2012-12-18 20:15:13
2501,1143,3,2012-05-17 00:49:34
4513,460,4,2009-05-19 11:05:55
44990,282,2,2009-08-21 07:02:28
9583,38,4,2014-03-14 11:40:13
41216,1647,4,2009-08-12 21:05:02
360339,1478,3,2017-03-21 01:59:45
11468,1795,3,2015-03-11 06:45:38
206197,1750,4,2009-03-06 11:51:34
241251,607,1,2010-03-21 08:55:11
228066,704,0,2013-09-25 09:08:44
320,1913,2,2016-12-18 06:05:17
2074,309,3,2012-03-27 11:42:47
266647,1545,4,2012-12-04 13:38:43
17339,1352,2,2016-05-23 08:05:04
7863,1095,2,2015-10-07 00:05:51
180296,1806,2,2010-03-06 18:47:56
9026,404,4,2009-03-08 20:01:13
220488,1057,4,2014-10-06 15:10:26
24021,998,0,2009-05-12 17:33:01
332,175,3,2017-04-18 08:08:31
10402,1722,4,2011-11-08 08:19:54
18357,287,1,2012-01-03 13:46:13
370980,856,2,2012-02-23 05:28:38
25763,1120,2,2014-03-21 14:10:41
4951,959,1,2011-02-18 11:51:57
277685,581,3,2016-11-06 09:56:40
260947,1890,3,2017-08-04 08:41:32
17264,586,1,2011-10-17 04:41:12
227975,1227,2,2017-07-21 17:41:05
344466,868,4,2016-06-16 18:47:45
11362,1705,0,2010-10-16 23:02:35
21801,1633,1,2015-11-28 13:16:55
74457,1211,1,2013-07-05 09:29:59
146631,1914,3,2009-09-29 12:13:54
97020,1796,4,2014-12-23 03:59:37
10678,317,1,2010-06-26 06:21:47
27191,1024,0,2017-07-21 20:18:37
14758,1028,2,2016-10-09 21:54:13
10461,1929,1,2013-04-04 09:01:21
272,1131,4,2011-03-17 14:54:23
24206,525,2,2009-08-31 23:15:49
31175,350,1,2015-05-09 01:01:04
10577,783,2,2013-04-05 15:44:58
24977,1364,3,2012-03-04 10:56:11
91070,1529,0,2016-12-10 06:41:07
14577,261,2,2015-08-25 17:58:01
172391,1200,0,2015-07-04 03:18:01
39349,1343,0,2014-05-01 05:39:10
9754,209,3,2009-05-31 07:44:07
11667,1639,3,2017-12-21 23:43:53
10481,1508,1,2010-01-29 23:06:51
12901,1963,0,2010-08-19 11:23:29
4233,1238,1,2009-11-15 16:15:56
10773,940,4,2017-09-24 11:21:48
9490,557,1,2009-02-13 19:30:21
109451,1724,0,2010-02-11 00:39:43
11598,1317,0,2015-02-05 06:15:06
293670,1992,3,2009-01-17 12:01:06
27549,1419,1,2009-09-07 22:12:48
1613,358,3,2014-02-06 07:14:28
278927,670,1,2014-09-08 09:25:46
1893,965,0,2010-09-25 17:41:01
9802,1833,4,2010-01-27 17:33:19
13982,920,1,2011-07-24 03:08:46
379532,1207,4,2010-09-21 13:10:23
323675,1944,2,2009-06-10 08:21:07
10131,1260,4,2014-04-19 15:39:44
1576,681,2,2014-01-10 20:43:40
45767,1740,2,2011-04-14 11:42:36
83860,1750,4,2010-02-27 02:55:58
14113,1413,2,2012-05-27 23:56:08
15644,1882,3,2017-05-05 01:28:58
24021,828,3,2015-03-02 10:56:59
10876,595,4,2017-03-31 21:32:20
99826,473,4,2017-12-16 16:36:24
650,165,3,2013-02-18 16:50:26
1246,503,3,2017-08-21 06:38:00
168259,839,3,2017-01-05 22:38:11
205596,790,4,2015-08-09 07:50:16
332,1653,4,2015-06-04 17:43:18
1975,1615,4,2017-02-13 22:07:37
14199,406,4,2014-12-14 14:08:56
13121,326,1,2011-10-30 18:38:08
184098,4,3,2016-08-05 08:11:37
66942,1071,1,2014-10-16 14:18:09
291805,1594,2,2015-01-13 23:39:59
39833,763,4,2011-02-05 13:21:16
44826,1695,4,2012-12-23 10:02:34
576,1096,2,2016-03-24 06:46:17
198663,164,2,2014-08-21 10:05:16
10591,113,0,2014-05-20 20:22:50
97614,116,2,2015-12-02 04:33:26
1691,108,4,2009-11-01 15:47:43
9448,1489,1,2013-08-07 18:24:01
269057,230,1,2012-03-04 22:57:48
322745,434,4,2013-03-04 22:19:30
10674,246,2,2016-05-15 14:33:33
25,368,3,2016-04-05 13:37:09
44944,671,0,2017-04-03 15:33:10
59981,1036,0,2011-06-10 07:06:16
18533,987,4,2015-12-20 06:51:23
323967,930,0,2013-07-23 19:26:32
38970,783,3,2012-08-26 06:51:49
205587,1014,3,2015-12-28 08:05:54
35690,318,1,2014-08-05 22:46:50
44945,1506,0,2010-09-26 13:45:49
6435,1356,0,2011-03-07 15:40:03
2567,509,1,2017-05-25 09:03:28
77495,1724,0,2009-06-28 11:47:05
44260,173,0,2010-07-03 20:30:15
435,1026,4,2009-10-10 18:44:27
376659,1474,2,2012-02-22 16:03:40
2289,1629,2,2012-01-19 09:18:09
139038,360,1,2011-05-20 16:38:04
258755,1767,0,2017-07-24 07:57:51
9829,945,3,2011-01-03 20:30:21
17113,710,1,2014-12-31 14:38:18
1579,556,0,2017-10-12 00:06:13
15797,725,3,2013-08-23 19:18:20
1073,1481,1,2017-03-14 03:14:36
6479,953,4,2010-02-23 19:30:08
32274,422,1,2013-09-15 19:57:21
107315,568,1,2013-10-07 12:32:01
272726,1578,4,2012-02-25 17:29:26
10185,1674,0,2012-06-15 12:35:04
117251,877,2,2015-07-25 08:51:23
20468,932,2,2015-04-21 17:15:39
8916,545,2,2013-03-07 04:28:25
25678,216,4,2014-06-11 21:45:01
49524,319,4,2011-03-31 03:13:10
33511,194,1,2016-03-22 07:21:12
234212,270,2,2010-08-22 16:15:37
248774,1958,3,2015-05-02 00:50:02
11468,1906,1,2011-08-06 10:32:44
9683,493,3,2013-08-10 15:04:46
1669,986,3,2013-02-16 00:29:48
22215,1062,0,2015-01-08 22:30:08
77930,900,2,2010-07-29 20:04:54
12160,1831,1,2012-01-19 21:07:55
19913,23,0,2017-02-14 07:18:39
924,1432,3,2013-01-13 14:07:43
11156,198,0,2011-01-01 04:25:34
9096,1688,2,2012-08-11 11:08:26
357837,1513,3,2010-12-19 09:30:42
70436,993,2,2013-08-21 23:29:19
1726,1965,4,2016-09-10 13:46:14
84178,665,3,2011-02-17 07:46:16
109513,282,0,2014-06-05 21:19:02
745,1095,3,2016-04-25 19:12:28
374461,1668,3,2013-12-15 03:35:49
100,428,0,2017-04-07 21:19:33
13996,967,1,2017-09-06 20:55:26
13990,1295,4,2011-11-22 10:01:29
10705,973,2,2014-03-31 07:33:39
783,286,2,2017-03-23 16:59:45
294600,1397,4,2017-04-10 11:38:58
9557,1423,0,2015-04-23 16:28:09
86834,404,3,2013-11-25 14:42:50
1722,1170,1,2015-11-19 15:15:15
78373,1482,4,2017-04-01 13:33:40
44490,973,2,2010-10-29 19:32:28
51995,1291,4,2013-07-30 08:59:00
73567,1411,1,2010-09-09 05:46:12
1381,1761,0,2015-03-30 00:56:39
40963,1979,0,2017-03-14 18:03:19
50348,927,0,2012-01-04 02:34:27
228970,1849,4,2010-05-10 15:55:50
9303,719,1,2012-11-02 02:22:18
9778,461,1,2013-12-14 16:02:51
61337,1433,3,2013-11-07 18:42:04
37964,83,2,2015-01-01 04:33:30
72570,1097,2,2017-04-03 21:06:49
607,1710,4,2010-01-30 17:09:07
109417,753,4,2011-06-18 13:26:43
182873,696,4,2013-11-04 12:38:01
279,36,0,2010-04-07 10:51:54
11194,850,2,2011-04-22 15:48:42
11336,1756,1,2016-06-02 03:31:43
25461,954,1,2013-03-24 14:18:50
17908,1736,2,2016-02-24 05:53:25
140300,421,1,2014-08-23 04:46:07
294512,302,2,2010-09-06 11:17:08
245916,1667,1,2015-11-29 08:14:59
19840,1142,3,2014-11-13 15:03:07
271331,1532,2,2013-02-27 19:09:47
16888,723,3,2013-07-10 02:42:35
272724,1475,2,2010-01-15 17:50:51
82687,1769,2,2015-05-19 09:31:17
33511,1059,0,2016-02-26 00:03:29
3489,367,3,2011-04-18 06:22:23
2310,1751,2,2012-02-28 20:53:18
17979,1754,4,2013-08-07 09:50:48
298,1663,1,2013-05-23 12:37:07
129,1380,4,2012-12-08 20:33:13
11011,25,3,2010-01-14 16:48:41
52067,145,1,2009-06-01 16:33:25
244403,1541,4,2014-01-05 10:26:43
147767,1235,0,2011-12-01 12:23:24
2698,1721,3,2014-04-30 16:10:09
35219,1264,2,2016-11-02 02:28:52
12182,1397,3,2016-01-11 07:55:09
11817,864,1,2017-01-28 12:18:59
10472,506,3,2010-02-17 22:06:43
16871,577,0,2015-07-11 22:11:36
59859,149,1,2009-02-26 22:03:24
508,1868,0,2015-11-21 11:44:21
10283,584,0,2015-04-07 15:30:37
125263,578,2,2010-09-02 13:49:15
59917,1176,0,2015-04-15 16:00:57
60243,390,2,2014-10-09 00:15:28
1921,1936,2,2017-04-18 11:22:41
11442,771,1,2015-07-03 21:38:57
2251,1312,3,2010-04-07 04:14:34
241771,1552,2,2012-11-10 18:01:04
46727,118,2,2011-10-08 16:20:49
15256,1800,0,2009-02-08 04:30:15
324352,1108,2,2013-09-26 17:26:45
49047,421,2,2011-12-29 09:39:42
38321,1948,3,2016-01-15 22:51:57
96238,420,1,2009-07-14 21:24:50
10385,1135,0,2010-05-03 04:26:42
26022,820,4,2017-12-06 17:09:27
32657,612,2,2017-07-17 10:42:37
1734,81,4,2013-03-08 22:38:32
244339,1324,3,2010-11-14 17:21:18
621,300,4,2014-12-17 05:12:30
226458,1734,2,2010-09-26 06:39:19
10115,853,1,2013-04-04 04:30:13
35791,179,4,2009-07-09 13:37:09
184346,955,3,2010-05-24 17:18:14
11631,1222,3,2015-04-10 09:05:55
1620,1193,3,2013-08-03 01:11:43
1581,1997,2,2017-09-26 04:46:53
12479,369,4,2012-03-29 16:25:22
210577,489,4,2016-04-16 04:53:52
10549,346,1,2016-07-08 15:35:49
157849,50,4,2010-09-03 07:05:21
752,1912,4,2009-11-06 13:06:30
193722,1237,2,2009-10-05 22:41:50
11398,880,4,2011-02-09 23:17:54
319069,1592,2,2015-10-04 08:06:57
10160,854,4,2014-09-05 17:52:42
55561,472,0,2016-07-02 14:29:41
16651,787,3,2017-06-24 21:01:51
217,1412,2,2015-08-11 13:26:40
2277,1515,2,2015-01-22 18:27:43
27451,1184,4,2016-01-15 09:06:58
79587,769,2,2010-11-18 20:46:57
86331,793,0,2011-09-13 23:17:00
235,1134,3,2013-06-06 14:07:44
37964,1129,2,2016-08-27 19:03:10
15976,927,0,2017-02-28 06:08:51
299553,844,3,2012-09-16 23:08:24
40160,1344,1,2012-01-19 07:14:14
10162,1046,0,2013-01-20 10:59:17
199373,1135,4,2013-05-20 23:55:34
20981,1327,0,2014-03-26 03:03:22
38117,1488,2,2016-05-02 05:19:32
252512,1903,0,2013-02-05 20:46:16
20322,379,3,2015-06-09 21:24:10
8469,1273,3,2016-03-24 06:37:57
31582,610,2,2011-09-13 10:19:04
11091,607,0,2012-11-27 23:16:57
8055,914,4,2013-05-31 02:31:08
15173,1837,2,2014-04-27 06:38:31
59,198,2,2011-12-17 14:36:28
12155,986,0,2013-08-14 21:36:38
1969,1101,3,2011-09-25 15:56:55
102362,1142,3,2016-07-13 13:03:51
28665,1624,2,2011-03-31 18:23:59
287903,1980,2,2010-07-09 02:49:12
16866,1574,1,2011-07-12 05:40:49
303858,710,0,2009-09-22 12:35:25
25189,923,3,2014-10-09 06:10:16
15198,1164,4,2015-03-05 04:05:57
1656,972,1,2011-07-19 05:33:20
23655,1952,1,2017-10-16 15:29:57
9919,1600,2,2014-04-22 04:10:24
59981,1693,2,2010-04-04 04:06:09
222936,904,0,2010-01-10 10:50:14
253450,268,3,2009-09-16 00:23:23
44835,347,4,2011-11-09 19:15:31
157,972,4,2014-12-28 12:59:41
49026,1880,2,2009-02-02 01:58:16
25428,325,0,2010-10-06 18:19:58
35056,452,2,2012-07-27 14:34:20
10955,416,1,2015-04-09 07:01:02
11217,556,3,2012-12-17 14:23:26
10048,515,0,2012-08-10 15:46:38
11323,1540,4,2016-08-28 15:40:37
12193,1564,0,2015-10-08 10:29:28
11260,1332,0,2011-02-05 06:39:21
26352,1960,2,2011-04-26 13:24:17
190955,1017,4,2011-06-07 13:43:58
89708,448,4,2014-03-21 08:51:43
77953,809,1,2010-07-19 14:32:33
321697,1797,2,2013-12-12 17:07:52
39845,494,1,2015-12-06 11:28:20
15489,575,2,2014-02-20 12:38:45
155,1935,0,2011-05-25 18:16:15
299553,1167,4,2010-07-02 00:19:59
19901,1889,3,2012-11-25 23:56:35
10569,1184,4,2016-02-21 04:09:53
204922,974,4,2014-08-24 20:43:09
8390,835,0,2015-05-09 03:27:35
57825,627,2,2015-02-06 13:44:03
108346,1911,3,2014-07-29 05:52:26
2009,500,4,2010-11-03 07:09:23
280381,354,2,2015-01-10 02:27:17
109414,1838,2,2015-05-05 10:05:06
4232,354,2,2011-05-01 13:52:39
14451,1266,0,2010-02-15 23:18:40
121,794,4,2009-05-27 09:35:50
27451,554,4,2010-09-06 03:27:29
6519,833,3,2013-11-19 17:42:40
49471,1516,4,2012-07-19 20:51:54
1369,1799,1,2014-09-14 18:46:56
4256,327,2,2010-09-18 15:13:43
435,0,2,2017-12-22 05:20:02
26320,473,3,2016-03-27 05:52:51
256040,1713,1,2017-07-10 11:26:12
9877,1832,2,2016-11-20 06:02:25
9470,1502,1,2013-05-23 14:52:16
25462,884,1,2013-09-30 05:47:33
271110,1852,4,2015-04-15 07:34:43
588,524,1,2015-12-28 19:40:08
41402,1303,2,2014-04-21 22:55:33
147773,995,0,2014-11-27 06:10:29
20856,140,2,2009-02-12 19:15:56
2133,778,1,2009-06-06 18:04:36
82700,1992,3,2015-09-11 05:44:30
38543,1358,4,2014-11-26 23:04:39
11066,1095,0,2017-06-25 12:02:55
338,1530,3,2017-04-12 15:57:31
264644,29,1,2012-04-09 13:05:36
28005,83,1,2011-05-14 01:57:31
10225,1491,0,2017-07-18 11:26:25
322,1002,3,2014-08-23 02:16:48
69382,385,2,2013-12-11 12:03:47
9327,568,3,2009-03-20 17:34:23
9600,1318,4,2016-03-08 04:53:34
9571,844,2,2017-01-23 18:25:31
4935,91,4,2013-12-07 00:18:28
10803,1159,4,2016-03-06 02:13:48
4257,574,1,2015-04-28 17:48:33
5516,1435,2,2010-01-24 14:01:55
680,1387,3,2014-03-09 23:53:06
12257,873,4,2017-11-17 10:55:06
4584,531,4,2013-02-15 15:11:24
106747,5,2,2013-03-24 03:57:26
22907,1926,1,2013-11-12 10:28:18
130150,480,0,2012-11-24 03:21:56
62116,1188,1,2012-04-04 21:30:27
12437,1941,3,2011-11-28 02:14:24
14536,1860,4,2014-02-02 13:06:56
9659,13,3,2010-07-24 20:32:07
46838,1918,0,2017-10-01 04:27:19
4512,1653,2,2012-09-06 21:23:11
194662,444,4,2010-12-05 15:54:14
7735,122,1,2011-05-09 13:03:13
43266,891,4,2015-09-10 01:31:15
18925,1164,3,2016-06-30 07:49:59
1535,723,3,2014-04-14 04:55:01
302156,986,1,2014-03-14 12:41:35
10876,1697,2,2012-11-21 08:14:56
44214,1936,4,2017-04-26 00:05:10
9285,660,2,2009-10-13 11:14:02
4964,28,2,2013-07-22 10:05:21
18147,1315,4,2016-07-25 22:59:39
10615,355,1,2009-07-04 05:57:58
9718,239,3,2011-12-30 15:21:19
80278,1979,2,2013-07-13 03:57:16
60420,1712,2,2013-03-30 05:21:36
25312,28,0,2017-05-21 19:36:03
66,1740,2,2015-08-29 14:52:35
10014,1177,1,2010-01-06 03:45:05
12144,134,2,2010-06-14 06:33:51
10167,1547,4,2012-02-13 05:44:01
56288,2,0,2009-01-29 22:12:29
18240,1915,2,2011-09-04 17:11:56
11113,1635,3,2009-04-01 14:58:00
43213,1753,1,2011-01-11 13:37:26
5902,1863,1,2014-08-06 07:51:07
1717,534,3,2016-06-07 13:08:19
787,883,0,2011-03-16 16:24:01
11467,882,3,2014-07-30 07:18:56
259694,438,4,2012-02-03 23:10:43
24418,13,1,2017-04-15 12:07:45
299145,57,1,2009-10-13 07:27:40
1887,227,1,2012-10-31 18:32:47
56292,967,0,2014-01-20 20:14:44
17917,1315,3,2011-11-26 10:58:19
2619,1268,0,2014-06-10 04:49:05
13064,395,1,2017-03-29 06:32:14
27023,976,2,2016-02-18 17:48:42
177,1836,2,2013-05-29 15:01:03
344466,1028,3,2012-10-03 00:15:32
278348,240,1,2012-10-31 02:37:11
11194,1644,4,2017-02-04 03:23:08
9702,1935,1,2011-04-29 00:45:17
9277,224,4,2010-07-02 08:07:21
15237,1385,0,2011-09-04 20:24:21
28665,1748,2,2009-09-22 18:20:18
13072,692,2,2016-06-30 19:23:31
47607,1296,4,2017-08-27 18:18:20
294512,1113,2,2015-08-25 08:58:40
116,1932,2,2015-12-12 00:27:53
3536,1732,1,2015-03-25 11:26:20
77877,276,2,2016-11-02 08:16:04
604,850,0,2012-07-14 02:11:12
14411,1999,0,2014-12-16 05:56:58
13824,619,1,2012-11-22 10:13:01
24227,1903,0,2015-02-26 08:01:26
60420,260,0,2010-03-31 22:34:24
9416,710,4,2017-11-14 12:19:30
55301,1549,1,2009-03-31 11:10:14
51384,298,0,2013-05-26 10:03:00
627,343,4,2011-10-17 16:35:06
62206,1691,2,2010-03-18 13:37:33
10204,1786,4,2013-10-25 22:44:17
11688,1204,1,2012-10-04 13:15:05
9312,1823,0,2014-08-09 06:30:11
1995,1341,4,2012-07-16 15:45:43
17187,1442,3,2016-08-15 23:10:15
11560,1354,4,2014-10-05 17:46:28
46256,1261,2,2013-03-09 12:00:22
263503,1038,3,2010-06-13 16:15:28
20857,1474,1,2016-11-01 07:16:17
309425,1428,1,2009-11-28 22:04:46
27995,1132,4,2009-03-23 06:04:31
3179,1572,1,2014-02-23 23:49:49
11817,144,1,2009-07-25 06:43:14
18785,1720,1,2009-07-27 09:13:23
235271,1991,1,2013-05-15 00:01:21
157354,559,2,2009-04-11 23:28:20
286939,1839,1,2011-06-02 15:44:11
13501,1056,3,2015-08-17 10:34:32
134371,1367,1,2015-06-25 20:11:44
28211,298,1,2012-10-11 05:17:34
69,986,3,2015-12-21 02:22:39
4550,331,1,2010-10-05 01:13:57
1777,1972,0,2011-05-28 03:35:34
354110,1030,4,2013-07-06 19:04:00
46705,1505,3,2013-08-11 21:38:12
9839,1516,4,2016-08-18 09:30:11
15017,138,2,2012-03-01 10:20:30
205,1389,4,2014-11-27 03:37:39
46195,880,0,2015-10-01 02:39:52
293646,1655,1,2017-11-11 09:14:57
582,82,1,2012-08-17 09:16:29
6964,1150,2,2010-05-22 15:50:23
2080,1767,4,2014-02-15 20:24:45
350,227,2,2010-12-26 19:15:27
48572,768,1,2010-12-14 12:48:44
60422,431,4,2012-09-07 23:44:33
126509,1296,4,2013-12-07 04:09:59
18360,1825,3,2014-01-30 10:36:52
4824,48,0,2012-06-05 03:22:30
150211,808,4,2016-05-10 23:38:03
451,346,3,2011-07-02 01:39:48
9713,1718,3,2012-04-20 17:44:39
10391,457,1,2016-02-11 00:18:54
96399,1864,1,2017-04-26 20:26:59
16991,940,0,2011-07-24 17:51:39
82679,918,0,2016-03-14 11:21:11
8337,1461,4,2009-06-06 21:32:31
69270,166,2,2012-10-23 07:19:39
201,1318,3,2015-07-18 10:46:07
162396,609,2,2017-06-14 18:51:08
43306,1935,2,2013-09-20 02:49:52
12819,1102,0,2017-10-05 13:15:07
29912,979,1,2009-03-20 04:27:48
44638,738,0,2010-06-16 12:13:53
70875,968,1,2017-09-19 23:43:26
12535,1907,2,2011-06-25 16:50:08
12159,505,0,2016-05-14 00:11:40
34549,508,3,2012-11-10 08:17:48
44603,1343,4,2017-07-03 04:40:13
8247,851,4,2017-12-21 02:05:56
398,184,2,2015-07-14 16:04:41
18828,524,4,2012-02-01 14:03:54
241251,439,1,2013-11-18 13:04:53
168,1888,3,2012-03-26 22:51:33
7980,402,1,2009-08-09 14:11:46
11517,1054,4,2013-11-11 05:35:45
106845,1779,3,2017-09-01 15:19:42
43306,1840,2,2014-04-16 13:24:40
9306,97,2,2014-12-11 05:21:12
12177,1487,4,2015-10-24 05:00:56
82690,1703,3,2011-03-09 10:55:04
11260,108,3,2014-12-07 07:55:40
8920,1471,1,2010-07-13 00:36:11
26791,130,3,2012-04-15 02:27:17
10895,1704,4,2017-10-12 07:49:32
146,1169,0,2015-06-30 02:53:10
10200,335,2,2012-09-12 13:10:34
291,1095,2,2009-02-10 03:45:35
440,643,4,2009-05-29 04:56:15
50646,1709,0,2010-07-17 02:15:49
65448,198,4,2012-12-28 07:31:22
8413,76,2,2011-01-01 15:17:08
78698,1909,3,2011-02-12 21:58:50
712,1815,0,2015-01-19 19:02:45
70435,1165,2,2009-04-29 03:57:22
55465,722,2,2011-12-17 06:38:53
44147,1830,0,2013-10-23 13:07:14
28,1194,3,2015-11-08 05:54:03
8054,1132,1,2012-05-25 17:11:23
10586,74,0,2011-07-21 07:03:06
11968,224,1,2010-09-15 21:09:10
11228,216,4,2012-07-23 02:59:58
24,506,4,2011-03-03 06:15:38
136797,1603,2,2010-11-23 19:12:46
11932,1986,2,2012-12-10 07:21:10
10925,863,1,2017-03-18 11:44:11
3600,1360,4,2017-01-14 20:28:37
357834,1624,4,2016-03-29 13:46:51
184315,627,0,2016-03-17 21:59:33
12703,1333,0,2010-03-19 07:46:51
573,950,2,2010-01-03 23:04:37
582,1706,2,2011-01-02 03:02:31
9625,1904,0,2011-07-08 04:52:44
57212,1983,2,2010-08-25 15:08:57
177,1191,1,2011-04-08 14:13:45
13053,1134,3,2009-05-05 13:20:14
202575,386,4,2014-03-10 17:50:09
1547,783,2,2009-08-21 20:52:01
11026,1715,2,2009-12-08 15:43:22
345003,517,3,2016-01-31 02:54:07
13155,218,0,2012-06-27 16:46:26
133805,26,4,2010-08-27 11:11:45
4348,1811,0,2013-07-13 22:52:10
60243,660,0,2010-03-03 14:02:16
272726,1330,1,2017-02-16 23:12:38
9741,844,1,2013-06-08 16:05:34
57800,1182,4,2010-01-27 20:58:52
16300,747,0,2009-04-12 17:37:02
129139,111,1,2016-03-04 21:54:01
10279,391,3,2009-02-03 10:54:38
129670,367,0,2012-07-06 21:35:10
2649,1139,1,2017-10-24 17:42:09
283384,200,3,2013-10-22 07:20:03
8338,1047,4,2014-03-01 07:25:13
309,1911,3,2013-08-24 10:31:57
7515,1529,0,2017-03-09 23:33:17
403,414,1,2016-11-29 04:00:00
39691,1438,2,2015-08-12 20:18:15
22796,177,3,2015-01-18 01:33:45
22796,99,2,2011-03-13 08:24:04
11592,765,2,2015-10-25 17:33:15
2085,186,3,2014-12-23 06:24:19
157,284,1,2009-02-11 22:35:14
6217,28,4,2012-03-27 12:13:45
11370,1935,1,2017-09-21 08:29:02
55779,1343,2,2013-06-04 19:16:57
16608,1072,2,2012-11-24 05:59:45
714,1613,2,2017-03-16 09:08:00
13536,52,2,2011-12-06 04:15:51
18239,585,1,2014-04-29 08:53:17
9816,164,1,2013-12-15 00:17:18
9776,230,0,2017-09-03 10:05:30
165864,36,2,2015-06-25 11:53:45
55306,1407,4,2010-06-22 01:10:41
1690,71,3,2016-03-28 04:01:56
25186,1857,4,2012-11-29 11:36:00
257091,405,4,2012-11-30 20:22:41
10488,1949,4,2011-01-23 19:14:35
6415,1498,2,2015-08-17 03:55:45
7870,1279,0,2014-06-23 14:34:23
328307,1299,4,2011-09-03 18:04:57
10072,317,3,2011-12-08 01:36:01
663,1824,4,2013-03-09 15:06:07
11831,667,1,2016-07-06 10:56:17
58051,696,1,2012-07-23 01:36:43
773,1144,1,2010-01-10 23:52:15
8988,677,1,2012-02-26 09:17:53
13201,1743,0,2014-01-27 12:47:35
56930,1634,0,2017-04-09 03:44:58
273899,1826,4,2013-04-04 10:53:54
621,1882,1,2011-07-01 03:45:36
68724,1854,2,2011-09-07 08:53:30
628,865,3,2010-11-07 17:08:18
200505,642,0,2009-09-10 04:13:47
45881,1941,3,2012-03-03 11:20:31
84197,295,4,2012-08-11 05:42:32
22804,903,3,2009-01-18 18:02:31
117,242,1,2009-09-13 23:23:43
134411,1001,1,2017-05-22 03:48:07
710,1354,0,2015-08-31 18:31:28
12079,321,1,2012-04-28 09:11:42
16016,43,2,2016-01-30 02:06:49
9794,229,2,2015-02-22 12:41:22
6972,186,4,2010-08-07 17:28:37
27686,1816,3,2014-05-21 02:21:11
13491,918,3,2016-12-12 19:23:20
10560,766,0,2012-05-10 22:52:32
658,1283,3,2014-06-03 23:20:36
68684,149,0,2009-02-23 21:43:56
135595,617,3,2009-07-14 06:13:45
11132,989,2,2015-10-04 14:04:29
16471,560,1,2011-05-21 13:20:20
11507,1742,2,2012-01-27 06:27:54
2698,1529,3,2013-01-24 20:46:57
13498,1601,0,2012-07-26 06:02:04
9920,868,4,2015-05-20 11:36:17
6007,649,1,2014-06-11 14:34:34
287815,1898,3,2013-10-21 05:23:06
41479,1044,3,2015-01-08 10:10:09
17130,1913,0,2014-04-24 05:45:38
15624,1776,4,2012-04-20 07:08:54
1985,212,0,2009-02-05 00:26:04
367551,1319,4,2013-10-22 11:10:35
15708,158,1,2012-09-27 10:53:45
175291,1087,3,2014-12-09 22:43:52
26518,1384,3,2011-11-07 09:11:39
72571,344,4,2015-04-22 01:09:02
11308,1146,1,2016-09-20 14:47:01
1831,1269,3,2011-03-16 09:25:32
17264,1032,3,2009-12-16 07:06:41
28029,962,1,2011-04-23 12:09:04
30979,1645,3,2012-06-17 21:08:21
165,1763,1,2009-03-09 14:04:07
62008,1895,1,2014-02-21 12:36:54
23570,81,3,2012-12-19 22:13:46
75033,533,2,2011-10-11 23:50:34
11141,747,4,2012-11-30 10:54:24
12634,850,2,2016-07-01 00:58:26
4258,1490,2,2009-07-01 09:52:05
19489,503,0,2015-12-28 17:20:35
9671,1602,1,2017-11-01 03:07:11
6877,1167,2,2016-11-25 13:52:00
2666,1695,1,2010-11-01 17:18:31
129139,1789,4,2017-11-24 09:27:54
9549,1098,3,2012-08-29 22:31:47
510,1094,3,2010-09-02 08:43:12
10999,437,2,2011-01-24 09:36:10
194,345,0,2017-07-31 09:37:56
6071,1682,0,2013-07-03 13:02:47
20856,263,4,2011-09-25 14:47:15
164372,299,1,2017-09-29 05:39:07
36739,1755,4,2016-07-30 19:53:02
12771,1047,0,2009-07-26 13:48:56
301351,1635,4,2012-02-23 00:25:34
10758,324,2,2013-04-04 15:43:06
38153,1402,2,2014-08-20 03:32:12
122081,841,4,2016-04-21 06:57:01
257,1603,4,2011-07-28 08:24:25
279,1177,4,2014-08-01 10:31:38
49526,1964,2,2017-07-06 09:29:16
257932,907,1,2012-04-15 23:06:21
259693,277,3,2013-09-23 10:57:17
68412,978,1,2014-09-24 18:05:17
14635,1193,3,2013-04-17 21:26:38
9570,1319,1,2012-08-18 09:06:16
1691,1927,4,2011-07-16 03:41:58
12400,1806,0,2012-07-22 04:51:32
65055,1919,2,2011-07-16 13:14:38
8328,574,4,2015-09-12 18:01:40
4547,1993,3,2011-04-27 16:32:53
15624,317,4,2014-06-08 02:20:58
286217,531,4,2015-02-03 21:33:47
142132,1145,2,2010-01-10 22:22:19
1685,861,4,2013-04-18 14:39:22
231617,1196,1,2010-07-07 19:30:57
1591,1192,1,2014-06-29 07:17:58
113464,595,0,2010-05-26 10:17:19
385636,1393,3,2014-04-04 18:53:19
111,484,2,2011-01-31 02:10:53
10534,1069,2,2017-08-06 07:15:05
2907,356,0,2016-08-05 17:33:23
9922,1603,1,2015-09-05 21:03:11
7859,209,3,2012-12-15 08:22:58
172,736,4,2017-05-03 12:18:20
11478,581,3,2015-10-15 21:38:44
18570,1990,3,2017-10-23 19:44:12
10191,562,1,2010-07-20 13:51:32
9355,729,0,2016-11-07 13:43:05
36334,104,0,2012-04-05 20:46:43
16523,247,4,2013-02-26 16:55:04
12704,336,0,2014-10-28 00:24:04
79694,1792,1,2009-04-18 18:36:08
241771,1804,2,2011-09-16 16:49:10
9372,1523,0,2017-03-09 17:00:38
254473,616,2,2016-03-13 13:01:53
13982,266,2,2011-06-01 08:09:18
1924,933,4,2009-11-13 04:17:30
153,1673,4,2017-11-20 05:05:08
39180,1566,3,2016-12-09 13:04:55
55465,1400,4,2009-03-13 08:14:11
18925,1656,0,2015-01-25 10:16:49
25461,1011,1,2017-04-28 09:47:57
9787,1613,3,2010-08-13 21:00:36
57158,1560,2,2009-05-01 13:26:25
65749,1179,3,2015-10-15 09:16:16
252680,592,3,2016-12-30 21:50:43
4824,798,2,2013-12-06 17:23:21
4970,1019,0,2012-07-18 13:26:19
1389,406,2,2017-11-17 07:52:21
16988,1974,1,2015-08-21 11:02:16
84175,1093,4,2009-12-26 01:42:00
1913,1660,4,2012-09-12 02:26:12
38365,892,3,2014-01-11 13:34:10
22345,253,2,2017-07-23 19:49:23
11901,1554,2,2010-05-01 00:55:11
9616,1603,0,2015-05-01 03:11:50
49948,180,4,2011-12-23 08:04:12
9348,160,1,2012-02-24 11:03:38
13816,660,4,2015-09-23 17:10:57
214756,1351,3,2010-12-14 16:47:25
16241,960,2,2017-08-08 13:15:07
13007,1474,1,2016-10-11 00:01:17
10395,71,3,2015-10-18 19:02:07
7735,1057,4,2014-12-02 17:36:51
18238,1042,2,2017-09-23 11:48:22
188652,827,0,2017-07-11 21:20:58
60308,15,4,2009-10-25 17:48:53
584,829,3,2015-11-30 01:38:25
17186,322,0,2013-06-01 17:16:50
312221,1155,2,2017-01-21 00:36:58
11023,940,3,2010-02-16 10:17:39
165,808,2,2017-08-03 10:46:18
23631,950,3,2014-04-03 14:24:48
68734,569,3,2013-05-02 00:17:23
11858,822,1,2012-08-02 06:03:55
12100,304,0,2012-07-14 10:57:16
9737,1553,2,2013-06-11 06:18:53
38448,655,2,2016-09-07 12:00:28
2312,685,1,2013-01-13 22:33:14
38810,799,3,2013-11-20 23:18:01
447027,728,2,2013-06-06 18:02:56
273248,1035,4,2012-08-09 11:30:40
87421,716,0,2010-02-26 16:16:33
22796,1773,1,2014-12-30 18:12:08
13600,231,1,2012-11-06 19:12:12
241259,1647,2,2009-06-28 11:49:34
26379,321,0,2010-07-26 12:11:56
9032,855,3,2012-10-18 02:59:44
407887,1237,3,2010-12-22 06:13:17
21301,717,1,2015-11-16 20:07:36
15389,632,4,2017-03-11 00:52:12
21461,1706,4,2009-02-28 13:47:04
7509,1430,0,2012-06-11 01:58:48
13920,174,4,2016-12-22 19:15:50
17834,797,0,2014-09-16 02:07:33
10833,951,2,2017-04-13 08:40:58
522,284,2,2015-03-18 02:58:03
593,944,0,2017-03-05 22:18:59
7350,1146,1,2015-09-25 07:33:29
16538,1900,2,2014-11-19 14:46:24
37950,803,0,2010-10-20 20:59:35
4133,186,2,2013-08-15 03:29:59
34101,9,2,2016-05-22 12:23:48
3175,1572,0,2013-04-08 04:26:45
10632,1593,2,2009-08-13 08:44:51
14199,673,2,2016-01-29 10:09:55
166624,1829,4,2017-02-01 22:53:29
231617,1618,0,2015-03-27 21:47:04
8843,710,1,2013-12-20 10:14:16
280,1266,2,2013-11-09 14:47:01
9366,91,1,2011-10-22 02:18:27
252680,1921,3,2010-12-07 15:02:15
254472,535,0,2014-08-17 14:46:22
9879,762,1,2010-09-22 04:26:18
376659,1653,3,2011-12-30 21:10:23
308639,1612,3,2012-02-07 17:08:02
1934,1774,4,2016-06-14 17:46:43
146631,1400,2,2009-07-10 08:58:47
62630,468,2,2014-02-07 14:31:31
11439,83,1,2010-07-26 20:09:23
4584,1911,1,2017-02-13 10:15:38
2575,495,0,2012-08-31 01:24:18
29920,298,2,2009-10-20 15:35:56
3080,656,3,2016-10-30 08:05:07
8999,1560,3,2014-10-17 05:25:31
9009,356,0,2011-08-07 02:56:36
9700,202,2,2016-04-11 11:31:40
606,705,0,2012-12-16 20:23:14
10490,1710,0,2009-08-30 04:48:47
30596,552,2,2015-08-13 07:20:00
23049,38,4,2015-05-14 01:54:54
113464,78,1,2010-02-04 05:21:24
7445,280,1,2015-10-08 18:18:45
219,1286,4,2010-07-09 00:50:33
13768,284,1,2011-11-16 03:39:56
9059,209,2,2011-03-22 23:38:52
166624,1475,3,2010-04-19 14:08:09
50601,1622,0,2009-02-13 14:07:49
1251,1076,2,2017-05-02 14:32:46
38985,343,4,2012-03-29 17:09:14
6538,293,2,2014-08-03 14:37:20
19255,451,2,2013-03-25 07:57:54
10925,379,4,2009-10-09 14:56:33
228194,1971,3,2017-12-12 07:41:58
12117,746,4,2016-09-09 02:05:27
2977,214,4,2009-03-26 01:33:14
21512,1995,2,2013-10-20 13:06:57
74,224,0,2010-04-01 11:27:23
71547,780,1,2010-07-08 09:24:37
19913,425,0,2010-05-29 03:41:42
60421,1045,2,2017-12-15 21:44:11
17654,711,2,2011-08-20 06:28:21
1272,380,2,2011-10-03 23:34:36
18777,172,0,2009-01-03 15:14:53
47502,1005,4,2009-08-24 14:19:32
9026,1119,4,2011-02-07 06:38:54
32740,1046,3,2012-10-21 04:59:23
67660,826,0,2013-07-13 11:19:06
134,1990,1,2016-09-19 09:05:10
33196,993,3,2010-11-14 22:33:04
26815,596,2,2010-11-12 15:19:50
164372,197,0,2011-07-04 00:14:16
14022,781,3,2009-05-27 13:49:30
11165,896,4,2009-03-28 09:13:42
10238,1188,0,2011-03-22 03:42:47
4836,1491,4,2009-11-07 07:18:10
92635,1360,3,2014-06-21 22:26:43
9427,1346,4,2011-08-21 03:53:58
38357,1376,2,2014-10-16 11:24:34
59930,1986,3,2017-09-21 16:22:24
1999,157,3,2015-04-25 06:46:12
13919,1589,2,2010-03-09 06:47:46
37694,689,4,2013-12-20 20:13:36
46146,1804,2,2016-10-04 02:17:07
14256,1212,2,2010-11-11 00:09:56
16172,1394,2,2012-12-06 19:35:05
31582,134,1,2015-05-04 07:09:16
9567,1944,1,2015-12-30 19:12:44
36696,157,0,2010-12-20 21:17:12
36811,1747,1,2010-11-23 16:33:50
21283,1037,0,2016-12-24 03:49:06
8363,1635,3,2010-08-23 14:39:58
50942,34,4,2017-05-12 03:25:50
26171,1412,0,2014-05-15 05:54:14
41110,1969,3,2017-02-16 20:50:08
89,1718,3,2017-06-12 23:22:20
13922,1015,1,2017-07-17 01:29:41
4953,1109,3,2017-07-02 19:39:53
10315,1925,4,2014-10-15 04:20:10
12509,1210,1,2017-11-09 16:28:51
9919,338,3,2017-08-07 14:14:50
20360,648,2,2017-11-19 11:40:53
459488,268,4,2010-06-02 13:03:07
106845,633,1,2017-01-29 08:48:40
921,268,3,2014-11-12 11:46:13
8587,1938,4,2017-07-13 00:11:47
98357,1802,2,2010-10-03 11:11:51
146203,1509,3,2017-11-29 22:52:50
228150,504,0,2014-04-20 00:08:13
13411,92,2,2014-09-15 15:06:49
2749,964,2,2014-01-19 05:59:20
13121,1046,4,2011-02-24 03:36:25
197,790,2,2012-12-12 18:20:04
68202,643,2,2009-10-17 08:51:15
2900,373,0,2016-12-14 06:08:53
102382,1822,4,2017-10-27 04:51:11
11023,1683,0,2016-08-13 10:48:41
850,1634,0,2016-03-22 12:04:18
10533,789,1,2017-04-01 23:13:25
6116,1784,0,2017-12-05 01:31:38
173,279,1,2015-02-04 07:18:02
44048,1149,1,2013-07-01 00:49:49
28121,86,4,2009-04-21 01:07:44
87818,1512,4,2009-05-24 15:23:33
293863,133,4,2010-08-01 06:37:46
2268,886,0,2017-10-03 08:37:30
244339,147,4,2010-03-16 13:45:02
279759,1153,1,2013-02-14 09:51:55
121986,460,1,2013-06-03 13:17:07
16281,1070,3,2017-12-30 16:33:10
4599,423,2,2011-04-14 01:08:58
45767,1154,2,2009-02-03 09:14:03
11375,1477,1,2014-04-06 16:31:53
293670,1492,3,2014-12-27 20:18:04
325133,990,3,2015-05-17 00:41:59
1777,216,1,2011-08-24 18:45:46
9783,648,0,2009-12-20 11:52:58
795,1074,2,2009-10-31 05:20:59
1487,1379,4,2014-01-08 22:33:36
326284,824,4,2014-01-31 12:58:11
10885,1333,2,2016-03-14 12:00:21
44147,1474,3,2015-02-12 16:02:01
80271,108,4,2014-02-08 20:04:08
48340,675,3,2013-08-20 11:14:09
61752,7,0,2010-02-15 08:01:49
50839,1158,3,2014-11-25 16:22:06
36648,1568,4,2014-04-30 07:48:10
8328,421,1,2011-04-15 13:10:18
39269,1873,3,2015-11-18 23:03:15
10786,861,1,2009-09-11 02:14:29
9042,1241,2,2012-09-15 03:59:10
12657,71,2,2014-01-27 09:24:07
252,21,0,2010-10-31 01:44:52
21074,1285,2,2011-05-21 20:15:01
40914,1330,2,2014-12-04 18:18:26
11577,1551,4,2014-01-19 18:36:57
139948,1092,3,2009-02-24 02:27:29
10048,724,1,2017-02-12 11:00:34
8195,676,1,2011-02-04 17:45:28
16448,425,3,2014-05-09 13:45:40
36825,1861,1,2017-05-25 01:21:40
215211,1122,1,2009-10-20 06:58:31
10030,624,4,2009-01-18 09:50:36
1587,473,2,2014-09-30 21:28:27
202604,838,0,2013-11-02 08:32:15
2642,1269,0,2017-12-25 21:53:25
818,770,0,2012-04-01 18:32:05
14024,817,2,2015-09-06 07:22:13
9286,626,2,2009-02-18 03:35:09
8012,551,0,2017-03-04 16:40:13
43546,650,4,2017-08-14 02:14:37
1997,1268,1,2014-04-28 23:46:15
244267,753,2,2014-05-27 04:41:01
11091,403,1,2009-02-20 22:16:37
137094,843,4,2014-02-22 23:42:48
1555,732,3,2013-01-04 00:00:14
8095,653,0,2015-06-25 00:43:57
4806,174,0,2011-09-30 09:40:58
46705,389,3,2009-05-29 12:36:03
391,524,1,2009-01-16 20:56:34
9303,524,3,2017-01-01 21:16:51
46738,812,1,2013-01-26 22:23:59
389425,1936,4,2016-06-21 11:27:51
14836,1975,4,2017-11-08 12:48:07
37532,897,1,2016-01-15 02:42:25
252680,1696,2,2012-02-16 18:54:11
86812,1869,4,2017-05-18 15:20:08
68818,1141,3,2014-04-25 19:23:41
168705,547,4,2016-03-28 19:13:15
4550,1343,3,2010-03-01 11:53:56
10734,110,0,2017-07-23 08:50:06
15512,606,3,2013-11-23 07:26:24
1591,1913,3,2014-10-29 02:52:22
13751,1282,0,2011-10-01 07:37:29
11431,1008,2,2015-05-16 07:02:09
57157,1172,4,2014-06-18 02:00:34
174751,1810,0,2012-01-28 23:10:38
8069,587,0,2011-06-19 23:36:15
277216,163,4,2011-12-09 17:13:27
2359,1636,3,2009-06-20 22:29:55
22970,1262,1,2009-07-10 19:27:12
50647,761,2,2015-02-09 07:25:51
10676,740,2,2012-04-23 23:27:14
43266,930,4,2009-07-20 07:43:33
8427,833,0,2014-02-05 18:53:48
36670,102,0,2010-12-01 20:59:14
42057,716,4,2017-06-09 03:35:30
4477,1411,4,2014-05-16 13:55:57
24663,656,0,2009-06-28 14:30:45
370662,913,4,2009-07-06 07:34:15
11979,1686,2,2011-06-05 11:45:40
21494,309,1,2016-09-09 16:30:36
35019,766,1,2017-05-01 20:32:41
11687,367,4,2011-02-23 23:22:44
65749,145,0,2015-02-23 07:38:03
28053,74,3,2009-04-09 15:28:24
18147,560,4,2013-02-28 02:29:33
257088,1982,3,2012-03-06 00:10:55
4174,993,3,2014-01-27 07:07:52
692,912,1,2016-05-08 23:55:30
37737,986,4,2016-12-27 11:12:17
9919,1455,2,2012-09-22 15:16:09
109421,96,2,2010-12-10 22:52:58
1844,1438,2,2013-07-11 00:47:00
9664,459,1,2012-09-26 14:08:06
24662,1800,4,2012-10-22 12:47:03
296943,305,3,2013-09-03 09:43:22
13335,894,4,2012-11-26 23:53:58
90369,1472,2,2016-11-06 21:51:26
152599,673,0,2012-02-20 06:01:23
253306,223,4,2012-04-27 15:32:07
11968,128,0,2012-12-03 19:09:34
7341,169,2,2015-03-02 14:38:07
451,84,2,2011-12-10 03:10:30
12207,867,0,2012-11-27 01:27:54
8978,339,4,2014-10-28 19:16:39
97020,619,1,2013-01-28 15:52:59
133805,373,1,2015-05-07 08:31:36
6278,1830,1,2013-08-17 12:04:08
23367,496,4,2015-07-06 09:34:42
2044,133,4,2009-02-14 08:11:24
6477,996,0,2014-09-17 22:08:56
7191,592,3,2014-09-05 12:06:34
11065,212,3,2016-04-27 17:26:32
10743,1478,1,2015-09-25 18:10:18
123678,1025,4,2014-03-10 10:31:50
1368,1110,2,2015-02-14 10:44:45
44092,1029,3,2010-11-19 15:03:31
5550,1399,2,2013-03-19 13:48:46
171759,1442,0,2010-01-21 12:02:12
72359,1318,3,2011-06-13 03:47:41
12620,763,3,2017-12-20 03:22:09
14709,1632,2,2011-12-29 16:58:39
1948,1902,3,2013-05-14 09:41:14
9043,17,1,2017-01-22 14:51:21
6519,895,0,2009-11-07 18:20:01
768,701,0,2015-09-29 10:18:18
10028,1348,3,2013-03-11 12:49:44
323967,1005,1,2011-11-07 23:27:20
865,272,4,2012-06-06 08:55:20
1887,1186,2,2012-06-22 04:18:37
59981,1425,4,2015-10-13 20:42:51
23618,493,2,2010-04-14 06:06:29
9454,578,2,2013-04-14 04:33:01
10641,682,3,2016-09-17 13:43:28
11697,154,1,2012-04-02 14:03:05
16869,498,2,2009-01-02 03:20:23
251471,1020,3,2010-09-30 00:27:01
27576,1575,3,2009-04-15 19:13:51
65754,1198,0,2015-08-15 02:09:17
12506,822,3,2010-10-05 12:23:22
10615,1401,1,2009-01-23 10:37:02
8435,561,1,2012-09-30 04:06:27
9489,304,3,2011-03-01 11:34:13
355629,167,1,2010-04-10 07:34:09
11618,190,1,2011-08-27 16:08:08
45658,425,0,2010-03-14 23:42:09
98369,12,3,2017-05-13 20:21:38
5516,472,0,2015-04-09 13:49:31
1246,369,4,2013-06-11 04:35:39
66468,231,3,2009-08-28 02:33:38
24575,500,1,2009-10-18 20:08:40
11519,415,2,2012-09-21 02:57:35
64690,1970,2,2012-04-13 08:17:38
24747,618,4,2010-05-19 12:59:24
496,260,1,2009-06-06 16:46:45
42684,1921,2,2009-10-19 12:36:28
76996,793,0,2014-10-21 18:23:49
9920,1113,4,2017-01-21 10:23:33
11588,1034,3,2017-07-09 20:40:19
7214,1888,1,2009-06-24 07:38:34
14324,783,1,2009-01-16 01:03:20
36046,1601,4,2017-12-26 11:00:02
158895,213,4,2010-09-06 05:56:42
11935,1133,0,2016-10-29 18:26:49
6615,798,1,2010-07-24 00:16:39
13001,1111,1,2016-03-24 17:16:12
13768,1964,4,2015-12-14 01:51:34
159037,1094,4,2009-06-28 14:57:19
254904,679,1,2013-03-28 20:03:48
8885,759,1,2012-10-18 18:39:35
2048,1244,4,2009-01-17 01:40:17
10390,64,4,2010-10-19 11:50:35
309919,513,3,2010-01-15 02:06:07
11377,952,3,2015-02-13 12:50:20
8409,663,2,2016-11-03 11:58:43
319910,1603,2,2016-03-18 15:28:25
37834,1952,3,2011-10-20 07:09:10
82654,737,3,2016-01-19 11:01:56
24266,1796,0,2013-04-10 08:04:35
287903,1000,3,2016-04-18 14:27:43
175528,1009,4,2017-01-30 10:32:09
13370,1332,2,2017-01-29 14:51:18
332567,1580,3,2013-08-15 05:23:28
256924,1476,1,2011-04-04 08:35:18
370464,270,3,2014-01-08 19:36:20
26039,1609,2,2010-05-31 18:26:06
9798,1785,3,2013-12-01 04:46:55
238636,683,0,2017-06-29 21:26:38
14585,1762,0,2015-09-26 02:22:29
10718,53,1,2011-05-11 21:03:08
13490,1677,2,2015-01-24 00:47:42
8456,1726,4,2014-09-04 10:52:59
57089,1269,3,2015-01-07 01:11:06
9614,258,3,2017-07-08 17:46:34
2789,771,2,2011-08-20 23:32:14
41630,1211,1,2015-12-05 11:25:46
30943,81,2,2013-08-08 15:54:58
64688,69,1,2010-04-18 22:34:58
328425,1129,2,2015-08-02 10:55:16
329833,628,0,2010-01-03 04:08:49
11152,118,4,2014-07-26 03:46:19
1491,229,2,2013-10-15 16:51:44
77459,554,4,2015-10-29 12:55:17
19844,1301,2,2013-01-20 07:09:01
10735,341,1,2013-11-22 08:18:26
44490,1659,1,2010-11-19 07:32:28
114,1844,1,2010-09-22 04:37:52
11692,117,3,2013-10-16 03:46:51
26899,1661,1,2014-01-28 13:02:58
27845,1158,0,2016-07-03 13:52:53
68727,1899,3,2010-04-04 17:12:30
5759,731,2,2009-02-12 11:48:48
13491,591,4,2011-04-20 03:25:23
290555,147,0,2009-05-27 11:44:19
2770,1856,4,2017-04-30 10:05:41
7214,1868,2,2013-04-02 04:04:52
10876,1286,4,2014-12-03 15:23:21
25678,1142,0,2009-07-03 14:14:48
433,833,1,2012-08-02 02:14:29
37834,782,1,2012-05-29 00:43:31
1389,1335,4,2017-05-13 09:48:31
52451,117,3,2015-04-16 05:31:44
61791,71,2,2016-08-27 03:34:24
14578,514,0,2017-11-18 01:56:47
266102,1179,4,2014-11-13 09:18:13
10987,1010,1,2016-02-22 17:10:15
9920,1437,4,2013-02-28 12:39:38
11458,1005,2,2017-09-18 00:09:26
256274,250,3,2010-12-18 19:05:10
1550,342,4,2012-02-11 13:44:59
35199,432,4,2010-03-11 17:01:50
300706,307,1,2012-11-17 01:26:54
14582,359,3,2009-10-02 23:21:47
16222,341,3,2010-12-14 03:51:14
241239,67,3,2017-12-20 17:08:55
9614,1025,0,2017-12-25 00:30:51
149,1183,4,2014-08-05 02:16:28
10445,351,1,2017-10-18 23:15:39
3131,476,2,2016-10-13 19:18:20
1125,430,2,2010-10-30 14:01:05
10225,807,4,2014-12-13 02:30:39
584,34,1,2009-06-03 17:26:40
13807,1091,0,2016-04-04 03:34:39
14849,1548,2,2009-11-18 07:29:50
9353,402,2,2012-01-05 14:53:54
44754,203,2,2013-08-20 22:59:47
8060,459,1,2016-06-18 12:45:27
277685,1344,0,2009-04-28 09:15:49
646,958,2,2010-09-22 19:03:42
15745,1210,0,2011-08-08 11:00:02
100402,148,4,2016-11-14 07:47:29
46503,790,1,2017-12-31 04:24:53
1586,1349,3,2013-10-21 11:14:03
19913,1348,4,2010-01-16 21:29:59
192210,227,3,2009-12-31 13:09:09
36955,1823,1,2009-02-01 18:49:21
45243,377,4,2010-02-05 10:04:41
49963,1718,1,2009-08-06 07:42:19
117942,1948,1,2012-02-21 15:15:17
156022,179,2,2012-01-31 16:23:20
1574,475,0,2012-02-29 02:11:55
103903,71,4,2013-12-08 19:40:54
59440,562,1,2013-02-14 22:43:37
11863,1394,4,2012-03-21 02:15:37
714,1295,4,2010-03-05 05:41:07
2024,1714,2,2013-01-28 16:33:24
14536,57,0,2009-03-02 13:59:51
39269,5,1,2010-06-19 22:56:30
11282,923,1,2013-05-24 13:57:59
366967,577,1,2012-07-11 00:10:53
77949,1790,4,2017-05-11 10:45:23
5172,1105,2,2012-01-18 22:00:30
49526,1617,2,2012-10-24 03:40:58
9839,1079,0,2010-05-26 19:58:49
37724,1173,4,2011-06-03 00:20:58
60309,868,1,2013-03-22 16:56:21
540,1409,3,2009-07-03 17:20:17
134411,1543,1,2015-09-02 14:52:40
12163,408,2,2011-07-09 14:42:47
172,755,0,2013-09-13 00:36:57
1262,1955,1,2016-01-04 01:36:04
367961,542,3,2010-12-16 22:20:38
29015,1221,0,2009-02-11 03:35:09
2567,515,3,2015-08-05 04:29:26
50848,585,3,2014-03-08 11:44:58
714,1598,3,2011-07-06 14:16:38
77495,60,4,2013-05-02 07:21:06
22074,119,0,2015-11-09 16:58:34
293660,675,3,2011-09-16 09:06:06
55567,1090,4,2011-09-21 09:53:40
8839,271,0,2014-05-20 00:22:01
2486,1176,0,2011-01-10 07:43:27
43959,1085,4,2013-11-22 22:37:10
50035,636,2,2016-08-17 14:45:25
74084,913,3,2015-11-06 07:41:39
37724,1639,0,2013-01-03 23:31:24
65,51,1,2009-08-14 01:14:30
4379,296,1,2012-12-21 23:25:50
8953,1068,1,2012-09-02 13:31:03
48035,583,3,2009-12-19 22:07:04
13948,474,0,2014-06-01 19:20:54
5503,153,0,2015-05-15 01:23:15
61038,1987,0,2016-03-14 02:16:54
68724,519,3,2009-08-29 02:10:37
248,671,4,2011-09-14 23:04:23
44564,175,1,2015-03-03 08:10:21
12770,1728,3,2016-02-06 12:20:40
51540,444,0,2014-12-11 09:29:07
228550,1146,3,2009-08-21 01:40:01
9576,979,3,2010-07-15 10:22:29
1648,804,1,2014-11-17 07:08:02
11889,1448,3,2013-12-15 01:34:11
44853,122,3,2011-05-28 21:05:00
9313,1219,0,2014-06-06 20:30:39
81188,1363,2,2013-05-18 14:08:32
3034,221,4,2017-07-23 10:40:10
289180,680,1,2014-07-07 19:51:47
146203,92,0,2016-01-19 07:35:16
145220,1752,2,2014-08-19 14:35:28
153158,28,2,2015-03-20 13:36:15
7453,1883,2,2014-05-16 10:20:43
2155,1894,2,2017-02-07 23:07:43
56292,1558,4,2016-03-05 14:58:18
10762,535,2,2014-05-22 15:13:15
9952,421,3,2013-08-11 11:51:08
138832,1663,4,2012-03-23 08:55:05
9032,98,4,2017-11-19 22:15:15
22954,1382,4,2011-02-19 09:58:24
95755,820,0,2015-08-04 09:35:10
116584,50,2,2016-01-23 05:04:13
38365,607,0,2009-08-24 02:24:26
393,9,3,2014-06-10 17:02:59
4997,366,0,2014-12-16 11:23:01
43434,1219,0,2012-10-04 23:27:15
76617,153,2,2012-01-22 00:29:08
10192,112,4,2009-04-17 16:38:16
277519,327,1,2010-09-30 21:59:30
12658,1903,3,2013-03-04 01:18:15
125490,1634,2,2010-05-17 11:58:59
10762,1979,1,2010-03-19 06:33:35
704,1388,1,2013-10-15 00:19:49
34723,1310,1,2015-05-28 09:52:36
72331,1762,3,2009-12-07 05:23:42
834,101,3,2010-07-22 20:06:54
436,413,3,2013-06-28 13:38:14
1369,1185,3,2015-04-03 05:10:04
64559,1574,3,2012-03-13 20:46:51
17610,1482,1,2014-04-10 21:44:59
37694,1668,0,2016-02-14 14:45:42
10070,888,3,2013-07-10 21:29:45
253306,1879,2,2012-07-18 22:58:25
246655,147,1,2014-07-13 20:14:53
533,669,1,2017-09-20 12:50:02
346081,564,0,2017-07-21 12:53:27
152747,158,4,2012-11-19 08:16:44
127867,1312,1,2016-09-05 22:31:02
10013,180,3,2013-09-25 22:10:37
10765,67,3,2014-03-21 08:04:11
7515,953,0,2012-03-28 16:53:24
855,1573,1,2017-04-15 14:24:46
79120,672,2,2017-03-26 00:37:14
80468,1720,4,2015-06-04 21:17:54
9573,307,4,2010-06-13 15:03:32
361159,976,1,2016-01-14 18:28:17
311,643,4,2010-10-15 04:33:33
14877,1340,3,2012-12-29 05:19:25
18808,1759,3,2016-08-25 18:37:20
76758,1227,1,2017-03-30 10:01:01
266856,1538,0,2017-12-09 22:41:57
122081,413,1,2017-01-18 05:39:21
31909,485,4,2012-12-28 20:07:10
682,1304,1,2013-01-12 18:29:09
9631,101,3,2010-07-04 11:50:50
34086,934,3,2009-05-12 23:12:53
7305,529,0,2015-05-17 13:30:04
24662,135,1,2010-05-07 18:19:09
17130,978,1,2012-04-13 08:10:44
14849,1538,0,2017-10-19 11:53:21
11194,850,3,2013-10-19 17:06:54
26837,143,4,2012-04-29 23:34:01
672,1746,2,2009-05-09 17:32:39
306,190,1,2016-10-23 19:08:33
2069,748,2,2012-02-08 16:27:52
9509,431,3,2012-05-16 01:20:08
34697,1515,2,2011-08-01 17:28:07
14757,890,3,2015-04-18 18:18:49
97630,1829,3,2009-01-23 02:49:48
711,1307,0,2011-08-20 16:37:27
9059,515,0,2016-04-09 17:36:32
9587,1563,3,2015-02-27 16:28:28
14199,515,1,2014-01-13 05:06:15
387,1192,3,2015-11-04 10:41:08
129139,1624,2,2014-09-30 14:06:49
79698,559,3,2010-06-29 12:32:46
13510,1325,0,2014-02-27 17:25:29
522,818,3,2011-02-12 08:36:07
2567,655,1,2016-03-06 01:10:26
704,1748,0,2012-04-27 20:35:02
43884,748,0,2009-05-08 21:07:48
290391,712,3,2016-12-07 16:04:05
1961,591,0,2009-02-03 02:07:56
76285,298,2,2016-03-22 20:36:59
64639,132,3,2014-09-25 12:51:16
3033,1356,2,2010-06-02 01:10:23
11324,885,0,2009-03-23 12:42:42
12312,1204,2,2014-01-16 07:34:18
13158,363,3,2016-09-13 03:38:17
45138,1142,3,2015-06-19 00:25:09
2493,1898,2,2010-04-13 09:03:33
2486,1877,1,2015-08-24 01:50:26
9946,1372,0,2011-01-04 07:43:09
872,339,3,2017-03-11 15:41:24
9707,598,0,2014-04-22 18:29:46
25379,219,1,2011-07-19 04:06:27
8337,976,4,2014-09-20 10:54:26
6439,1527,2,2009-01-01 05:11:43
25704,1782,0,2014-01-16 20:12:56
46889,86,1,2010-10-18 02:16:04
13075,255,2,2015-09-29 23:13:17
14395,1929,4,2012-01-02 14:51:29
54054,194,0,2011-11-17 16:49:03
10483,693,4,2014-10-08 20:34:40
332411,647,4,2015-09-08 07:33:13
10138,1728,1,2011-06-03 03:28:38
80585,1208,4,2013-08-03 05:23:06
270303,1523,1,2011-09-24 03:39:17
36419,590,4,2011-02-07 19:08:38
320435,220,3,2013-11-04 14:19:22
2163,778,1,2016-09-01 23:38:07
12703,1759,2,2014-07-14 13:12:15
49517,19,0,2017-01-29 07:02:55
133694,59,1,2013-06-21 02:25:47
2637,1795,2,2010-02-10 22:46:14
24913,14,0,2014-08-16 16:48:32
8699,693,0,2009-01-10 07:52:23
26389,507,0,2012-08-28 04:25:32
10448,1268,3,2012-08-09 09:16:11
10610,67,4,2016-03-06 22:57:36
16651,323,2,2012-08-03 06:54:36
36597,1610,1,2016-04-19 17:29:33
36586,323,3,2010-01-21 02:50:44
11468,1008,2,2011-12-03 14:35:58
10549,839,2,2013-01-05 13:21:39
1440,1501,0,2012-08-21 10:51:09
13972,737,2,2011-09-15 22:05:17
2277,1976,4,2009-08-03 14:02:17
17644,491,3,2017-11-03 07:25:14
85350,1669,0,2010-11-11 14:40:11
8966,1750,3,2012-12-08 12:29:59
35689,1705,3,2011-02-16 03:49:03
78373,387,0,2009-03-11 01:41:53
334,708,2,2011-08-13 19:59:02
37821,996,1,2011-03-22 07:22:05
264656,1254,4,2014-07-04 17:41:55
300673,1400,1,2017-09-19 13:29:08
12437,243,4,2017-01-25 13:38:23
27004,578,4,2012-07-20 15:29:48
11176,448,3,2012-05-29 15:32:34
94072,52,4,2014-08-09 23:12:06
9870,1021,1,2012-12-23 23:57:35
12783,749,1,2015-12-24 09:24:15
9783,183,3,2017-09-09 23:40:23
252680,1181,1,2013-04-11 05:51:47
269057,1182,4,2013-01-01 13:43:47
1865,1891,1,2016-09-28 14:00:57
73873,1351,1,2012-01-15 20:28:41
20468,692,1,2015-07-08 22:21:48
14396,381,1,2011-08-03 08:11:58
15644,380,0,2015-07-03 10:31:04
57800,1514,0,2009-07-10 21:55:50
215211,927,3,2010-04-13 18:06:19
9944,91,3,2012-12-30 15:04:43
11507,210,4,2012-02-23 13:41:40
63287,769,3,2014-11-11 04:52:24
85,920,2,2012-11-27 04:45:43
2898,791,1,2017-12-29 22:13:07
10733,1200,3,2012-10-17 14:13:06
238636,928,2,2014-09-26 09:02:21
1428,533,0,2010-09-24 03:59:42
584,70,0,2009-09-01 14:08:56
47890,214,1,2009-08-11 07:09:38
11835,840,2,2015-03-01 04:52:45
37710,1616,2,2013-04-30 22:15:44
320,650,0,2016-11-05 19:31:11
68728,1691,2,2013-09-17 11:28:32
310706,675,2,2015-06-23 08:33:34
857,1177,2,2015-04-26 16:55:20
13990,1669,4,2010-08-10 00:58:59
9626,345,2,2012-01-15 22:22:00
8841,106,1,2017-09-09 22:44:07
9358,766,0,2012-03-09 12:22:42
1636,280,2,2011-03-13 20:30:34
21494,485,0,2017-10-28 03:39:50
29427,752,2,2015-11-03 03:29:24
43593,992,2,2015-06-17 01:11:31
5723,1809,0,2009-06-10 23:40:53
4108,1462,3,2012-10-30 06:30:38
137113,643,4,2016-06-12 19:35:28
104896,1393,3,2014-12-07 18:35:00
18681,876,0,2017-12-01 08:27:21
11891,358,1,2015-03-26 09:54:16
37958,1804,4,2009-12-19 02:58:56
28355,1029,1,2017-02-02 15:16:18
12153,1143,0,2009-05-06 09:15:01
9760,1855,3,2013-11-14 06:37:00
10998,868,2,2011-04-26 11:45:14
12106,480,4,2017-12-28 02:25:09
301351,290,2,2013-05-08 20:49:24
140300,633,4,2017-08-24 11:52:03
36648,1656,4,2014-03-31 04:44:22
9625,1976,0,2012-08-06 04:14:02
9882,384,4,2017-05-01 01:29:54
84204,821,3,2014-03-03 19:07:50
19724,1145,1,2012-09-13 07:27:55
274167,1773,3,2013-09-20 13:37:13
14358,1073,2,2014-12-18 11:52:37
10226,1471,2,2014-01-02 23:39:26
864,1096,0,2014-02-08 02:10:47
28211,1372,4,2016-04-27 04:39:19
10192,806,1,2010-03-16 09:03:01
10563,61,3,2017-05-03 16:44:28
42889,1215,3,2015-11-11 21:34:14
10115,866,1,2013-08-23 16:42:28
9087,628,1,2010-11-29 00:43:46
9384,256,3,2016-11-15 17:52:18
17044,532,1,2017-07-05 06:22:29
2155,654,1,2013-11-21 05:16:25
71688,126,2,2010-02-15 19:04:40
654,96,1,2015-02-14 03:07:53
1924,1000,1,2013-05-13 07:11:55
10160,1665,4,2013-02-26 13:33:24
215918,1904,4,2010-10-12 02:52:01
9930,958,2,2014-12-15 21:47:41
354624,1074,1,2017-11-21 03:44:13
67913,1061,2,2014-09-08 23:35:06
15239,626,4,2016-03-03 17:02:12
292,709,0,2015-02-26 18:04:54
9290,28,4,2015-09-15 16:36:47
98557,88,1,2015-08-20 21:54:04
45153,828,4,2010-10-18 07:18:56
258755,1476,3,2012-10-30 14:06:47
13260,1888,1,2017-11-07 01:09:03
319888,1886,0,2011-10-25 23:52:20
290370,231,4,2017-06-01 14:42:19
50497,1351,3,2009-04-29 12:53:30
10935,1341,2,2013-05-16 15:39:41
333355,769,4,2014-03-23 06:08:55
10641,760,3,2013-12-25 08:42:19
10970,42,1,2011-11-27 06:35:28
190859,537,1,2009-04-16 00:46:40
101267,343,3,2013-01-08 09:16:08
302156,936,3,2015-12-15 13:36:43
3877,908,2,2015-01-17 21:52:36
98369,1343,3,2016-03-22 12:25:15
209112,575,4,2017-07-19 06:40:58
1865,1713,0,2012-05-29 01:01:09
14160,1871,2,2012-11-02 21:15:31
299145,1780,1,2014-09-14 17:49:55
17345,892,1,2016-03-28 05:56:15
76,1409,4,2011-10-06 09:05:47
206563,470,2,2011-05-15 05:22:21
87827,1428,3,2012-10-08 14:31:31
55721,289,3,2012-11-26 14:56:04
9053,45,3,2011-07-23 08:48:26
216015,1312,1,2015-05-03 10:29:41
11983,1059,3,2009-05-03 17:59:01
21208,1613,1,2009-11-28 22:36:26
12703,1837,4,2011-01-09 03:32:51
714,1594,4,2017-08-22 16:01:54
12244,624,1,2013-10-04 15:50:43
5175,140,1,2013-07-21 10:27:40
6217,1928,3,2015-04-25 02:50:49
16620,1359,2,2014-02-08 05:49:47
70436,1799,4,2017-03-14 09:49:03
320,957,0,2013-08-03 11:42:41
22825,951,1,2017-09-02 19:03:16
4951,1645,1,2012-09-02 02:40:06
10390,751,1,2013-04-23 03:45:51
157354,1226,1,2012-06-28 09:48:38
17187,126,1,2015-12-12 19:45:09
31166,649,1,2011-08-22 16:12:36
1844,1215,0,2010-05-25 06:33:29
22894,1902,1,2012-11-17 23:03:14
180,1553,1,2017-10-01 15:10:50
45881,1532,4,2012-04-03 16:46:47
296096,1542,2,2016-06-08 06:16:53
11820,1712,1,2016-09-04 16:10:37
7504,1054,2,2010-05-12 09:04:36
253290,796,3,2011-06-08 08:02:10
9279,1173,4,2010-01-01 06:48:16
10350,1891,0,2017-01-05 04:02:30
682,1711,1,2017-03-25 04:11:12
13429,1127,0,2013-11-30 08:45:57
5820,1552,0,2012-06-26 21:07:45
8080,1429,4,2011-10-11 12:32:49
10481,1995,0,2017-10-14 23:23:58
7509,1321,2,2014-12-15 23:35:06
13496,238,3,2009-07-21 08:50:10
8461,141,0,2016-06-02 17:37:26
375290,1448,3,2011-11-20 08:32:00
277519,224,4,2015-01-02 01:38:56
25248,677,4,2015-04-20 03:03:39
10336,1920,4,2015-05-22 20:46:17
13689,75,0,2016-07-22 15:26:33
10610,1146,2,2010-05-26 14:44:53
280391,1872,3,2011-09-23 14:31:06
44990,979,2,2014-10-02 09:36:07
318846,405,3,2015-05-12 17:44:30
2255,501,0,2016-11-24 04:05:13
17345,1655,1,2016-01-28 13:06:54
274167,1770,1,2017-10-23 07:21:23
14278,1164,4,2012-09-09 12:36:45
46528,1211,4,2016-02-21 20:51:09
68726,59,1,2014-07-24 02:54:57
4256,457,1,2015-06-15 02:05:17
331745,1371,1,2015-10-25 18:51:15
77016,1347,2,2013-04-30 08:17:00
14577,1489,0,2011-04-16 05:50:14
207,599,2,2012-05-20 11:18:52
2110,1977,3,2013-12-13 13:07:41
187017,1816,2,2014-10-28 04:18:42
11688,963,1,2014-07-31 22:45:41
57157,474,3,2017-05-15 03:59:07
1645,1398,4,2017-01-26 12:41:20
55,1411,0,2013-05-13 05:34:26
8871,1256,2,2009-12-20 21:12:41
19084,1351,0,2015-10-31 23:21:08
218500,1158,0,2014-10-19 17:29:25
10501,1879,1,2009-01-31 22:20:10
97370,1489,2,2015-12-01 04:08:39
86331,1810,1,2010-05-24 21:29:24
8843,786,0,2014-12-14 09:51:31
9042,261,0,2017-07-03 07:50:04
20406,1149,1,2015-09-10 22:25:17
455,1027,0,2011-10-28 23:06:05
266102,186,2,2017-07-05 15:13:53
14709,923,0,2015-07-05 11:43:02
197,1509,2,2009-06-10 09:23:25
9986,1444,2,2013-08-30 11:26:03
8012,1543,1,2011-06-23 16:57:25
306745,1547,4,2010-11-05 23:03:18
17277,1840,0,2011-09-11 21:54:03
44009,1510,2,2010-04-14 19:25:09
49026,1994,0,2010-12-17 12:11:35
82990,439,3,2016-07-11 19:53:27
9932,1943,2,2014-05-18 17:52:20
25941,466,0,2011-09-05 10:38:06
14652,1614,1,2010-04-30 04:09:48
52451,1432,2,2010-02-17 00:35:15
8984,1620,4,2011-04-29 06:24:55
13938,843,2,2013-07-23 14:16:33
39800,1773,1,2017-06-03 20:03:02
11397,505,0,2014-12-25 05:15:27
189711,1029,2,2015-09-19 06:16:29
180,1029,0,2016-05-11 14:23:49
360188,736,0,2016-03-20 08:26:20
77953,1859,1,2014-09-19 23:41:21
703,1223,1,2012-10-18 23:58:00
9414,772,0,2015-10-21 20:47:49
544,195,1,2015-07-26 02:25:32
46195,815,0,2011-01-03 02:59:10
13805,1402,4,2016-08-03 22:02:18
13503,110,2,2013-02-05 11:57:27
1677,1274,2,2017-09-24 09:29:59
7446,686,1,2015-08-14 04:22:38
10643,1636,2,2014-02-18 02:00:43
226486,97,2,2016-02-06 17:31:17
5550,1775,0,2011-01-13 19:28:07
8456,1499,1,2016-07-25 03:30:40
138832,30,3,2009-09-28 08:23:06
57214,6,1,2015-05-20 03:32:36
9783,1122,3,2011-01-22 20:55:47
38665,1874,1,2011-04-06 02:53:56
295886,847,4,2011-10-19 21:10:53
68818,1137,0,2015-08-02 16:42:57
293646,1307,2,2015-07-09 11:52:42
9509,1656,4,2014-09-01 14:53:32
6439,1910,3,2016-05-13 09:29:37
25196,871,4,2013-12-29 18:06:24
2300,607,4,2017-08-17 13:30:54
42109,1343,3,2017-10-03 18:31:20
88042,248,4,2017-04-11 11:07:02
1685,619,0,2012-05-23 02:39:06
18550,1600,3,2009-08-13 03:16:32
9952,1248,3,2011-07-25 04:59:57
61891,980,3,2015-04-02 01:20:01
10481,1627,0,2017-03-03 19:11:17
1544,1467,1,2010-02-27 06:39:56
299687,1582,1,2017-10-14 05:23:50
13007,1741,2,2015-12-10 05:19:34
2832,1018,0,2016-12-05 07:47:01
17908,1529,0,2015-09-01 00:56:04
9703,257,0,2016-10-14 05:06:07
42586,219,3,2011-01-11 23:52:17
73937,1421,3,2014-01-15 23:10:44
1487,1412,0,2011-02-07 01:30:27
15256,216,2,2016-02-21 00:18:07
2148,1223,0,2016-08-24 13:03:30
16690,1740,3,2012-10-25 08:30:14
2575,164,3,2015-04-19 22:10:15
57800,397,4,2012-11-03 11:04:09
2577,134,2,2014-07-17 09:09:02
11702,747,4,2011-12-01 09:06:26
45610,1493,1,2013-05-17 13:18:30
81188,1048,0,2017-11-13 21:54:21
9659,820,4,2017-10-07 01:20:05
13516,589,0,2016-07-31 12:38:33
7301,830,0,2014-02-10 16:08:24
6068,114,1,2010-07-29 09:02:02
10050,902,1,2016-10-19 15:22:35
9260,664,4,2016-10-07 02:29:07
109729,887,0,2011-02-27 08:18:47
1930,1541,0,2017-04-10 17:01:06
73981,303,2,2017-02-21 13:32:02
9570,600,4,2010-01-07 17:11:55
1927,1243,3,2010-01-08 08:41:30
509,762,0,2016-11-02 18:25:36
3580,545,2,2015-12-18 10:39:54
2503,1041,4,2016-02-03 19:44:46
46705,923,1,2012-03-17 07:14:10
1619,312,0,2011-12-13 18:52:25
71,294,3,2015-12-01 23:31:05
13503,770,2,2014-11-28 11:57:46
11022,852,1,2009-01-20 02:51:19
4348,661,2,2014-12-03 05:35:26
48171,949,1,2012-11-02 22:59:15
37206,694,3,2016-02-28 07:09:45
9804,243,4,2014-04-23 18:37:28
117251,63,1,2015-04-22 11:30:35
8836,14,2,2011-04-21 17:09:28
745,1122,0,2017-09-05 02:55:35
17994,111,2,2014-05-12 07:18:47
21525,705,4,2012-02-25 21:52:59
19052,152,3,2017-02-22 07:52:35
19204,1558,2,2012-05-22 05:59:13
16869,281,3,2016-11-08 07:15:05
9297,529,2,2012-03-30 01:21:03
9932,357,4,2015-06-07 10:35:56
10366,1671,4,2015-05-30 00:20:01
269057,394,0,2013-02-28 19:23:46
11132,1348,4,2015-11-07 11:56:09
23330,1280,3,2014-08-11 20:17:02
286939,564,1,2014-10-02 18:26:40
11130,1902,0,2009-06-01 23:16:22
75986,1778,4,2015-01-29 17:31:41
239678,1034,3,2015-02-11 01:57:16
10878,730,1,2010-05-28 07:25:01
9562,1564,3,2015-06-10 23:25:31
10077,880,1,2014-05-04 12:55:18
98,502,4,2015-09-21 06:33:49
160588,624,0,2014-04-05 07:46:10
98557,891,0,2010-09-09 05:12:06
291,974,4,2017-06-09 13:39:30
67238,1857,4,2013-11-13 04:49:25
38167,893,1,2010-08-19 16:38:40
4258,1650,3,2009-03-26 10:13:45
11357,730,2,2012-11-26 15:44:07
44826,1712,0,2013-12-17 19:30:54
52032,1458,2,2015-09-27 01:03:35
133698,905,3,2009-09-29 19:41:42
157353,1862,3,2016-06-28 18:17:26
12227,1393,4,2016-09-09 20:47:47
302579,242,3,2012-01-15 19:35:32
65203,1926,2,2012-05-09 15:14:28
6973,412,4,2012-04-25 12:32:56
281230,1551,4,2009-10-22 19:35:55
14757,1268,4,2017-05-30 14:48:05
146198,957,2,2013-07-06 02:02:48
66,672,0,2016-08-30 22:14:47
50035,1119,2,2017-12-08 07:10:15
17277,309,2,2009-10-04 05:09:41
199933,1976,1,2010-08-25 10:42:04
9571,839,3,2016-08-08 15:27:31
23069,1507,0,2009-06-05 14:03:54
29917,489,3,2017-07-18 01:23:04
12183,188,0,2009-05-07 04:13:55
11113,1366,2,2016-02-19 08:31:02
80585,1590,4,2011-03-14 17:48:27
12201,1197,1,2009-11-02 21:21:57
12763,1536,1,2015-03-03 12:28:32
9424,316,4,2012-03-05 08:15:35
129139,1689,0,2017-04-29 14:03:25
10970,1058,2,2011-07-10 19:34:40
15049,308,1,2014-12-12 23:12:13
10947,1098,1,2014-03-04 20:48:11
19366,1257,1,2014-08-09 10:20:15
27004,326,3,2016-07-27 22:46:45
11507,0,4,2011-04-27 15:58:43
105,1798,1,2016-01-12 00:50:30
10067,1381,1,2014-06-10 15:47:22
9277,1020,4,2017-03-15 01:02:49
1251,451,3,2009-06-14 06:36:24
3116,134,1,2009-01-29 07:11:59
79940,697,4,2016-01-17 23:05:05
45650,1822,1,2016-11-24 08:00:11
72086,1848,3,2013-12-21 06:41:38
50497,1581,1,2013-03-18 16:47:41
16052,1982,0,2013-05-11 15:15:59
9825,818,4,2013-08-13 00:52:38
86304,576,3,2014-09-22 19:10:20
53862,193,3,2014-08-12 22:41:10
72710,1955,3,2010-09-17 12:14:32
39269,327,4,2014-09-26 03:41:14
9447,1036,1,2010-07-27 18:53:54
49948,762,2,2013-12-14 17:03:36
11866,858,0,2014-09-06 20:58:24
10395,1101,4,2010-01-05 07:48:51
13990,1388,1,2009-04-30 00:55:44
663,58,4,2016-11-25 10:43:13
72197,53,3,2016-12-15 09:28:48
2295,1162,0,2014-12-05 04:45:26
22013,310,3,2014-12-29 06:24:54
258509,568,1,2016-08-15 22:33:47
42109,1280,3,2010-07-19 15:53:58
20981,1061,0,2013-12-17 01:13:36
11011,1647,3,2014-11-30 17:48:21
4614,1569,3,2016-06-27 19:24:38
9003,572,3,2014-01-14 23:57:56
119283,237,1,2015-04-23 23:20:21
1705,1871,1,2016-07-11 08:00:08
34101,1529,4,2011-04-14 14:33:29
64807,726,4,2014-07-17 21:41:29
27759,976,3,2017-03-25 01:21:48
24363,1784,2,2013-06-25 20:15:16
447027,38,3,2014-11-13 15:48:59
167,594,2,2010-03-02 06:39:34
6520,621,1,2014-05-03 17:08:05
9982,51,2,2011-06-07 19:10:21
1997,1312,1,2017-06-15 19:31:11
13121,341,0,2014-03-03 12:29:16
100042,1302,3,2015-12-28 13:32:01
10950,719,4,2015-05-15 19:29:10
61891,526,4,2015-06-05 15:24:07
274854,1051,2,2015-09-06 20:03:59
67660,239,3,2015-02-28 18:30:13
12429,1002,0,2015-10-30 00:01:48
10153,120,3,2011-04-25 02:00:03
80271,586,4,2015-09-01 04:25:46
206197,1710,1,2012-03-04 22:45:24
334531,1605,1,2017-09-24 04:18:00
268,372,4,2010-10-16 04:39:54
9504,377,4,2015-03-12 10:12:05
44564,1973,3,2012-10-28 14:48:40
10800,915,1,2014-04-18 23:02:16
33430,1887,0,2011-05-18 09:17:27
48231,1369,4,2014-01-13 05:55:09
58492,316,0,2012-06-30 22:49:40
9823,1310,1,2016-03-11 17:11:09
14442,249,2,2015-10-30 01:29:52
11544,774,0,2016-11-08 22:35:18
27686,1940,4,2015-07-15 12:14:01
5559,1426,2,2013-11-29 12:24:19
10865,1935,1,2011-10-20 19:22:58
6963,667,4,2014-09-20 03:47:24
24664,1164,1,2016-05-23 03:46:28
25704,691,1,2010-04-18 15:39:10
9824,1184,0,2012-06-05 09:33:02
9459,1969,2,2017-09-05 23:00:33
18828,381,0,2010-08-12 07:44:45
22007,759,4,2013-04-10 11:36:34
1734,835,1,2015-02-24 15:06:52
2841,1521,3,2013-12-25 01:36:27
646,1225,2,2010-07-17 19:43:12
12657,1044,3,2016-05-19 17:46:59
10632,1443,1,2011-02-24 02:38:41
612,170,1,2011-11-20 02:54:50
20322,640,4,2016-08-09 17:06:36
59859,53,0,2012-02-07 13:12:27
1123,245,3,2017-10-20 04:32:12
324322,423,3,2009-09-05 11:44:50
14271,582,3,2015-04-06 20:31:53
9481,746,2,2013-01-28 13:37:33
8999,1734,2,2010-07-31 10:34:04
14324,1127,1,2010-12-05 04:00:44
16911,1065,4,2011-07-05 18:43:13
37931,1091,3,2016-08-21 05:16:03
87499,1010,3,2012-07-04 04:07:58
28211,1834,1,2015-01-07 08:25:10
767,269,2,2009-07-11 04:26:55
161795,1448,4,2015-10-31 05:21:29
398,1728,3,2009-04-10 13:55:27
280391,1152,1,2017-01-21 11:28:56
125263,445,1,2017-03-14 14:38:28
146238,1293,3,2012-07-25 08:00:24
50348,1675,3,2014-03-30 23:29:00
20766,1392,0,2017-11-25 20:38:48
203833,76,0,2015-03-08 03:11:32
210577,1736,3,2014-03-22 16:12:33
11232,1822,4,2017-07-30 12:49:26
9260,1286,1,2015-04-14 04:39:53
9741,953,0,2009-09-18 14:53:24
414,100,3,2010-11-06 16:09:27
594,1362,2,2010-02-02 22:35:01
7973,271,0,2012-11-28 20:00:25
9955,218,0,2016-12-30 20:10:10
50135,1586,3,2017-02-20 20:52:17
18785,723,0,2012-12-13 22:45:51
18126,1678,3,2010-10-29 06:08:37
9782,6,1,2011-10-10 23:38:38
10040,1926,1,2010-09-14 23:58:24
9944,592,3,2017-09-05 14:49:56
53182,627,0,2012-09-24 17:25:28
190955,267,1,2014-01-20 22:46:22
242,179,2,2010-09-01 01:35:54
8849,1615,0,2009-12-27 17:57:31
14557,721,1,2009-11-18 16:42:09
17182,942,0,2013-12-25 06:00:07
10280,14,0,2012-09-09 18:19:46
14582,324,0,2011-11-29 05:35:23
11637,241,1,2016-08-30 22:16:54
16162,892,3,2016-10-31 23:52:08
11011,1359,1,2014-10-17 18:21:01
42497,1593,4,2013-05-11 18:12:47
4327,1999,4,2015-05-14 21:10:14
7006,1142,4,2009-02-17 06:25:45
36669,1711,3,2013-09-07 17:18:09
9208,1622,1,2016-10-02 04:38:39
38570,1426,2,2016-03-29 11:22:23
953,1673,2,2011-02-27 02:13:15
687,1061,0,2009-03-04 01:47:16
2395,234,3,2009-02-04 13:56:10
37799,487,0,2014-11-30 22:15:53
34335,1149,2,2017-09-29 09:10:05
16222,861,2,2012-06-03 17:47:35
14462,448,2,2017-08-08 15:17:59
24438,1273,0,2016-03-16 09:42:29
41830,232,2,2017-12-07 13:33:06
200,734,1,2013-10-19 21:13:37
101299,112,1,2013-03-19 06:36:29
50601,469,4,2015-10-20 18:39:30
17917,1469,3,2014-04-23 07:20:16
40505,687,4,2014-07-20 07:46:17
291805,935,2,2012-11-23 23:58:07
41733,1387,1,2014-10-29 14:07:32
4970,639,0,2015-08-10 23:48:24
5393,927,1,2014-05-21 16:26:29
27983,1925,4,2013-08-28 15:23:08
56601,696,1,2010-09-06 21:24:32
291,1176,0,2012-04-09 21:36:22
44594,1773,2,2009-04-29 17:13:05
4911,1674,1,2009-05-04 09:57:22
68412,490,4,2014-10-16 04:13:10
12193,1575,2,2014-03-08 21:15:48
3060,1086,0,2011-03-15 17:53:08
3059,942,4,2016-09-18 03:30:16
4251,1883,1,2015-11-14 14:02:16
10876,200,0,2016-01-11 04:22:08
142132,698,2,2015-01-20 02:09:21
43306,0,3,2010-07-12 16:58:26
8966,516,4,2009-11-01 19:22:13
8871,102,3,2013-08-12 12:11:03
21349,755,0,2017-05-25 02:56:29
9567,751,2,2009-08-16 23:26:44
4133,93,3,2014-11-05 09:31:15
10253,1235,2,2013-12-25 01:49:44
38415,1052,4,2010-10-11 23:27:13
12162,1307,4,2012-10-22 12:34:18
139038,55,0,2016-03-15 05:12:44
11377,738,3,2013-12-18 12:22:08
10782,509,2,2009-06-17 22:55:09
39563,329,4,2011-02-10 18:11:39
16406,1722,1,2012-03-31 20:17:11
15708,254,1,2016-11-17 17:52:15
11442,46,3,2017-09-25 20:40:23
174362,1965,2,2011-11-08 06:16:59
274,437,0,2016-05-05 07:24:13
841,667,3,2014-05-13 03:06:39
266856,529,0,2014-06-02 21:36:05
12094,834,4,2012-11-18 20:19:07
244316,1832,1,2013-06-19 16:33:09
5279,600,4,2012-10-29 01:50:18
68812,954,3,2014-12-23 07:17:27
108346,492,4,2012-07-11 19:28:37
7278,114,3,2014-02-06 17:46:32
44147,257,4,2012-11-27 14:45:23
69848,296,1,2014-09-04 20:02:38
23570,1423,1,2009-05-21 23:27:22
43942,1344,3,2016-02-01 18:01:14
608,705,3,2015-09-03 23:01:38
4518,522,1,2016-05-27 08:03:57
11324,1086,3,2010-07-02 02:41:54
27342,1885,3,2017-10-16 01:13:46
89,1980,3,2012-11-12 02:29:44
15556,1587,2,2014-12-09 10:16:32
13476,1110,2,2017-08-28 16:53:49
6623,1572,2,2012-04-27 19:43:39
22971,888,4,2011-05-19 16:03:16
22947,1315,0,2015-08-20 00:09:16
182873,1303,0,2013-10-02 15:41:54
53113,166,2,2017-11-17 05:17:40
350,1653,1,2016-06-07 15:20:02
103663,1797,3,2009-12-01 21:23:47
17880,777,3,2012-04-23 23:26:50
2185,1512,0,2013-07-15 12:59:56
55123,1407,0,2013-06-21 06:28:01
9849,365,0,2011-11-17 03:56:52
302,962,3,2014-01-15 12:37:50
11141,1348,4,2012-03-24 02:01:11
256274,365,3,2015-07-08 16:28:45
3080,643,0,2013-07-26 09:05:46
19,1731,1,2009-03-11 00:20:42
10861,782,1,2009-01-20 20:54:15
16523,1521,2,2011-02-17 22:52:56
9679,435,2,2014-12-02 23:13:52
13569,625,4,2017-09-12 12:26:53
23398,1438,3,2016-03-05 17:35:21
1590,1236,1,2017-09-23 00:38:58
146216,890,1,2013-01-27 06:02:12
23398,453,3,2014-06-09 12:31:23
2669,1325,4,2015-10-09 19:57:54
314365,1480,0,2009-03-16 01:56:49
21355,1393,4,2012-03-09 09:52:01
11622,1076,2,2009-09-22 18:37:10
40794,170,3,2013-10-10 17:55:59
2567,1154,4,2015-03-26 14:40:10
8942,1804,0,2014-05-06 09:40:21
256092,1583,0,2010-01-24 00:53:02
113464,1490,4,2015-06-02 16:29:16
921,1329,4,2017-08-06 02:30:07
49051,1580,1,2017-02-05 03:27:01
14396,1723,1,2016-08-29 11:29:57
9433,1070,2,2017-07-13 19:47:47
166624,271,3,2016-04-13 16:19:00
258489,1933,2,2017-09-09 18:12:54
44770,1083,3,2009-11-29 09:56:36
13374,578,4,2009-08-11 02:11:49
14284,197,1,2012-07-16 06:57:41
8337,1334,1,2015-06-13 11:01:17
283384,1318,2,2009-05-10 07:34:24
317930,1446,2,2010-06-09 04:57:41
11004,1563,3,2009-07-02 01:18:08
71805,1904,1,2016-04-08 13:08:36
10138,1704,4,2015-01-06 23:33:45
11411,1615,2,2010-08-26 14:04:47
31909,369,2,2009-10-18 18:29:48
110402,1419,0,2011-12-05 21:22:06
242083,1788,2,2012-08-13 21:03:18
2085,1948,1,2010-10-12 18:18:11
67911,1507,3,2017-07-08 05:02:55
15655,1832,4,2009-06-25 18:24:59
820,1978,4,2015-01-25 04:46:31
11453,1123,4,2013-07-28 09:27:48
18885,1537,3,2014-01-16 23:42:01
12154,413,0,2009-07-07 10:08:31
322443,707,0,2017-10-19 04:26:18
2567,1010,4,2016-05-08 14:37:45
145220,1798,1,2014-04-30 23:54:12
58492,943,3,2016-05-25 03:11:06
9978,992,3,2017-12-23 09:03:10
96399,1429,2,2013-11-07 07:27:09
9969,1011,3,2009-12-02 08:24:19
351819,493,3,2010-07-16 00:54:17
24137,784,1,2009-01-30 03:35:52
57157,970,0,2015-11-02 09:11:52
215211,1184,1,2017-09-22 09:58:50
59,801,3,2013-12-09 06:24:45
9571,161,4,2017-07-08 16:27:34
10197,1050,2,2016-09-23 13:56:38
278316,1852,0,2013-01-11 09:07:43
72710,49,2,2013-06-12 02:30:13
6950,367,0,2010-10-09 23:30:12
10865,1158,4,2017-09-25 13:53:34
254473,786,1,2015-05-29 22:01:16
837,781,3,2014-01-17 05:41:59
23618,466,2,2015-07-05 07:41:54
4551,1421,3,2009-01-24 04:21:12
44113,16,1,2010-03-26 23:34:43
191714,1491,3,2015-10-09 16:00:48
34314,1370,4,2016-05-24 01:29:12
11186,1165,3,2015-09-07 11:48:26
36334,1638,4,2010-03-30 00:12:29
64690,131,1,2010-09-27 05:20:32
14177,1017,2,2012-12-30 04:37:31
10592,784,4,2014-06-29 16:01:42
75656,1665,4,2014-10-23 21:56:33
391,285,0,2016-02-19 01:54:40
9013,1895,3,2014-01-27 05:51:13
52449,669,0,2014-06-14 13:43:11
670,305,4,2009-04-07 03:47:56
68179,1389,3,2009-09-15 20:55:18
70687,217,2,2013-06-19 08:24:28
87943,26,2,2009-01-30 03:27:29
9390,1411,1,2017-02-06 10:45:40
403,1707,3,2013-09-17 19:43:33
9099,1750,0,2011-06-12 19:30:33
2008,1117,1,2017-06-24 01:01:48
10212,307,3,2011-11-12 16:13:11
45658,716,4,2014-06-25 08:27:35
58626,915,4,2017-04-06 18:54:24
10362,1465,1,2013-12-09 13:57:16
44264,684,4,2012-07-15 04:07:42
12429,201,0,2017-04-12 18:55:47
4258,547,4,2014-11-10 10:49:29
239563,45,4,2013-07-11 21:20:25
16205,1312,1,2013-08-10 09:25:02
78,141,4,2013-12-27 23:40:10
25520,1756,3,2010-04-24 12:14:09
47686,1701,4,2009-03-25 20:31:17
597,1079,1,2017-10-14 04:33:47
10802,783,4,2013-03-24 15:33:29
76996,1827,4,2015-05-18 15:18:30
9655,426,0,2010-06-21 16:09:39
40264,906,2,2010-09-04 18:10:26
3595,1853,1,2012-02-17 10:13:29
68726,1063,2,2010-06-30 03:13:48
24664,827,0,2014-09-27 10:59:19
10115,211,2,2013-09-15 00:34:21
52462,1189,1,2011-05-02 02:34:41
500,831,0,2009-02-25 20:31:02
534,456,0,2009-06-04 11:37:37
98,1220,3,2016-12-15 05:57:36
272724,313,4,2013-08-14 01:35:12
13972,1924,4,2017-01-19 18:09:35
227719,873,0,2009-05-21 23:36:42
57943,1746,1,2011-08-28 19:48:37
563,1582,2,2012-10-28 19:15:47
11015,43,2,2014-08-30 08:22:22
1587,1276,2,2009-03-12 21:14:54
1116,1952,3,2014-03-30 01:43:29
18869,1859,2,2017-02-23 20:23:17
7347,88,2,2010-04-15 09:48:37
152760,452,2,2010-11-04 13:41:20
628,1865,3,2016-01-05 17:00:00
9437,152,1,2010-09-13 11:18:50
56288,757,2,2015-11-14 23:06:40
294254,682,4,2017-02-19 11:04:46
8204,66,3,2012-06-30 23:22:16
11780,353,0,2015-06-14 22:14:22
10571,1489,0,2010-12-27 12:30:28
954,1045,1,2009-11-13 04:50:45
9495,1449,4,2015-02-06 20:36:57
12573,635,2,2017-03-05 12:54:56
3059,1216,4,2010-07-24 04:22:46
5550,1020,3,2015-10-13 00:11:40
22488,957,2,2016-10-07 00:39:54
8358,1439,3,2011-11-18 22:26:21
308467,1591,0,2011-05-10 11:50:57
12602,1380,3,2012-05-28 04:49:27
34341,1055,4,2015-11-18 14:11:08
21494,1438,0,2015-03-08 14:10:04
43213,775,4,2009-12-21 23:09:06
113947,745,2,2013-05-18 04:31:14
925,392,1,2011-05-20 21:45:28
16351,1641,0,2012-02-27 22:08:08
49020,459,2,2013-02-08 17:37:58
9656,1182,1,2009-01-23 06:35:43
770,522,3,2014-04-07 01:01:58
1271,321,2,2015-01-08 03:55:58
3078,999,4,2011-04-08 03:04:24
58595,1437,4,2011-06-02 06:36:31
794,358,2,2012-04-08 02:04:00
18947,1082,0,2014-12-04 04:24:15
22215,67,2,2016-02-25 04:25:59
15013,1350,3,2015-10-06 10:40:12
9481,1900,4,2013-10-21 08:40:53
11130,1081,2,2014-11-11 14:25:16
9473,743,4,2011-07-02 18:04:34
802,1163,0,2009-03-02 10:43:23
20,1162,1,2012-07-29 08:10:37
107315,1479,3,2012-09-27 10:57:21
622,378,3,2011-11-18 04:16:33
12620,307,3,2015-02-05 05:31:21
13689,1966,0,2012-01-30 05:18:21
209403,838,1,2016-11-10 13:53:51
205126,514,4,2015-01-15 13:07:53
8875,828,4,2013-12-22 03:56:04
1248,1570,0,2012-09-21 03:03:01
8744,1012,1,2017-06-01 04:47:14
4170,1167,0,2017-02-21 18:11:21
9903,56,2,2009-09-02 14:57:35
4251,1515,0,2010-12-20 01:14:20
9922,1379,1,2011-09-05 12:39:35
39180,916,4,2016-04-05 11:30:33
861,1986,2,2013-03-09 06:41:23
509,1983,2,2015-07-02 02:28:15
15013,212,1,2016-01-30 02:16:14
25719,1412,4,2017-03-11 14:53:40
14902,1732,3,2015-05-08 16:42:35
167073,1444,0,2012-01-29 16:58:36
69848,1523,2,2016-05-01 17:00:09
13700,1326,3,2012-03-27 21:23:30
1788,70,1,2015-12-15 10:02:10
294512,323,1,2012-03-13 10:08:04
4806,664,4,2016-06-17 17:40:45
13889,329,4,2014-03-08 01:32:45
44260,16,1,2009-01-07 10:53:58
16148,145,2,2011-03-21 19:35:18
88036,1630,0,2012-06-29 09:55:22
1537,102,1,2014-06-20 09:43:21
8987,378,4,2009-06-06 21:19:16
129,247,3,2009-12-04 07:06:00
9464,774,2,2014-08-31 20:11:42
325140,616,3,2014-01-17 16:54:34
9623,1368,4,2017-10-12 15:47:25
41248,49,2,2009-12-07 13:57:06
5353,1533,4,2015-01-22 14:03:25
407887,1865,0,2010-08-08 16:11:54
1487,1736,1,2017-10-20 12:57:47
16406,226,2,2011-08-13 21:31:52
928,331,3,2016-04-11 22:28:48
8536,1207,1,2010-08-09 02:23:22
153158,1416,0,2012-10-15 17:29:28
10760,46,3,2009-03-20 17:54:18
11442,1171,2,2016-03-27 10:13:38
30315,899,1,2012-11-11 21:31:46
2604,1391,2,2017-11-10 21:00:16
19901,1803,3,2016-01-03 17:08:27
8834,645,2,2014-05-12 11:25:24
71805,517,1,2010-04-19 12:32:11
300327,1957,1,2016-11-14 19:23:52
5279,968,2,2011-09-06 18:31:40
33157,1698,4,2015-02-27 01:55:34
49018,110,0,2015-01-25 23:24:27
41446,1198,1,2011-10-16 09:57:18
181533,32,2,2017-11-28 13:38:03
22949,849,4,2012-09-28 07:26:40
297100,25,1,2011-01-16 07:31:58
13025,372,1,2015-04-27 20:55:44
10992,131,1,2017-10-16 10:45:45
47546,38,4,2012-06-09 07:51:35
746,1218,2,2017-12-16 11:45:21
16016,747,3,2016-09-10 12:49:46
3766,612,4,2009-05-09 00:18:35
9026,579,3,2013-10-03 04:54:37
10735,697,2,2017-05-06 08:47:41
126141,592,2,2010-04-21 10:07:26
88751,249,3,2015-10-30 11:43:21
12704,36,3,2015-12-08 09:43:53
26486,477,0,2017-08-06 20:16:43
1894,1851,0,2014-10-24 03:11:19
227707,380,1,2017-04-06 03:08:02
11560,1663,2,2011-08-13 20:00:30
304357,785,1,2016-03-01 15:45:59
10999,738,4,2017-02-04 18:29:08
13132,470,4,2013-11-16 13:29:50
80304,944,2,2016-05-24 18:36:11
2163,803,0,2009-07-10 13:48:30
86549,275,0,2015-05-19 04:46:35
10077,1325,3,2010-12-28 08:38:19
168530,342,2,2015-10-22 10:33:03
10994,509,3,2010-11-21 20:38:10
77949,1285,3,2016-09-10 04:28:18
231576,1755,1,2014-05-10 20:50:21
12123,369,4,2009-01-07 14:00:45
234212,1215,3,2010-03-01 11:33:06
13751,107,4,2013-01-02 21:21:10
13973,1113,3,2013-07-31 01:13:12
61337,257,1,2010-05-10 04:00:33
9975,1983,0,2014-04-30 01:24:27
18126,1863,0,2017-06-28 20:19:01
19898,315,0,2014-11-23 02:00:56
45650,624,1,2010-12-03 17:37:10
31163,1588,4,2010-12-20 17:42:10
9087,554,4,2016-08-24 20:13:30
31117,1053,1,2013-11-14 03:39:04
10663,17,2,2010-12-12 10:06:42
362105,56,0,2010-09-02 05:59:25
41144,897,1,2015-06-22 20:20:29
20763,947,3,2009-01-01 16:02:42
4929,444,2,2009-02-22 01:17:09
29015,628,1,2010-04-21 06:12:44
11033,1432,2,2017-06-17 10:25:42
66,898,4,2013-07-27 06:37:23
188166,287,2,2011-10-13 17:52:03
8645,386,3,2015-09-29 09:09:24
18254,1410,4,2014-06-08 17:42:28
23483,1342,0,2014-07-25 10:52:38
13092,1276,4,2010-01-26 11:33:57
8193,1171,2,2013-01-01 00:35:04
8842,1687,2,2015-06-01 01:47:41
75986,247,2,2016-03-24 18:05:47
10533,144,4,2010-10-25 16:34:06
27329,152,4,2011-08-17 11:14:46
18925,386,0,2009-08-05 01:08:23
8363,1281,4,2014-01-20 01:02:00
8409,18,2,2010-04-22 11:27:10
44912,789,4,2013-02-14 10:13:15
157293,1730,1,2010-08-20 15:36:32
62211,1577,0,2013-01-03 14:38:03
66025,1223,3,2012-10-15 07:38:15
356483,1042,1,2017-05-11 02:10:31
400,1880,2,2014-10-23 01:04:25
18240,193,2,2010-03-29 04:30:17
9549,1130,4,2011-12-15 15:30:13
280,1320,3,2017-05-08 12:56:52
79698,956,2,2012-10-02 02:11:19
167,954,0,2016-12-25 08:44:02
13090,1620,4,2011-09-01 00:08:27
23398,591,0,2009-11-16 07:48:08
250066,1579,0,2014-02-03 10:58:36
19495,1218,3,2015-05-06 07:20:12
11354,1056,4,2009-11-05 18:28:34
14112,1761,3,2012-04-01 20:50:26
8843,47,0,2015-06-06 07:14:50
11015,736,4,2009-04-20 11:16:16
8665,1208,4,2016-01-18 04:13:17
28902,1177,0,2009-11-24 03:13:05
11056,671,3,2011-08-25 08:27:40
2652,109,2,2017-05-16 02:45:18
228150,349,4,2009-08-03 06:46:47
175541,1392,2,2011-06-03 15:51:08
38940,427,4,2014-03-28 13:54:57
39691,1762,2,2011-11-30 04:23:06
2610,1349,0,2017-10-25 04:05:10
1950,523,2,2011-07-18 09:47:15
39538,1446,2,2015-06-07 14:11:27
91721,583,0,2010-06-12 02:29:21
50014,1562,3,2014-02-10 10:59:43
50942,1734,2,2010-12-18 06:15:37
56288,1206,0,2011-11-17 01:04:17
9772,581,2,2012-01-29 13:08:13
378200,350,2,2016-07-10 19:37:56
4258,1358,2,2012-09-13 02:08:42
9989,35,0,2012-10-16 11:04:30
9515,250,0,2009-10-17 23:57:48
597,1341,4,2011-07-15 10:38:24
238603,1645,2,2009-11-08 14:02:03
14160,469,1,2011-05-12 07:50:51
19644,403,4,2011-11-18 09:06:48
188652,1685,4,2009-03-30 10:57:51
30309,608,0,2014-08-15 23:40:11
59678,1682,1,2016-07-21 23:20:09
13476,676,3,2011-12-13 20:30:54
9645,37,0,2014-06-16 08:55:48
36647,1182,2,2016-08-28 02:09:36
12085,1344,3,2013-01-21 16:18:55
15198,1795,2,2010-12-30 20:57:55
14299,180,4,2013-07-05 08:21:49
12142,1864,1,2012-10-15 03:51:49
44943,1571,2,2012-04-08 23:21:08
9574,1155,0,2017-05-29 22:13:32
16617,1231,1,2012-08-01 22:43:27
123553,1591,2,2013-11-17 23:29:01
9441,440,3,2012-03-10 05:42:11
13201,783,2,2016-08-25 09:48:25
608,1578,4,2014-05-04 21:30:42
33693,559,0,2011-01-20 16:57:19
2026,921,3,2011-10-31 04:55:27
184341,665,0,2014-08-29 23:00:43
45054,1026,1,2011-02-13 01:00:01
70436,824,4,2016-06-25 01:12:05
42819,1666,0,2013-03-18 19:44:58
107811,788,4,2016-12-22 04:06:47
24913,759,1,2013-03-14 07:40:02
24961,388,1,2010-01-17 21:58:20
26837,721,1,2016-01-09 18:49:02
429,1152,2,2014-09-03 14:36:01
98566,983,3,2017-04-29 06:37:29
70160,1884,0,2013-05-17 15:42:30
18074,1006,0,2016-03-18 17:22:56
861,528,3,2009-05-17 01:24:14
11507,1439,1,2010-02-05 21:11:30
220488,869,3,2011-07-01 05:26:27
118957,549,4,2011-03-09 12:11:22
8871,1500,4,2011-08-18 01:22:11
253261,1928,3,2009-07-02 00:09:51
168,1722,0,2016-04-17 16:56:50
17995,1569,3,2009-01-29 20:00:40
9991,1791,3,2015-01-26 09:56:08
351819,1411,2,2012-04-08 00:02:00
6171,1082,1,2010-06-24 06:50:36
9315,1129,2,2012-10-24 05:32:22
4379,1994,1,2016-05-06 21:53:06
11637,65,3,2010-11-03 15:21:17
2067,216,0,2013-02-11 05:50:18
38,1761,0,2010-10-16 00:05:56
27576,1717,3,2017-07-05 01:03:10
218778,1559,4,2010-02-23 00:04:44
137106,863,1,2015-05-18 21:30:33
49081,654,0,2017-09-27 19:39:53
308531,336,1,2010-06-18 05:28:50
205220,122,4,2009-02-23 23:33:07
119657,1968,4,2015-02-10 12:38:48
280391,1263,4,2014-10-14 12:05:08
139998,554,4,2017-04-24 04:16:58
49530,1261,2,2017-11-14 19:37:51
13389,1532,1,2013-05-04 05:38:03
9709,1381,1,2010-09-26 11:54:43
447027,1574,2,2016-03-04 21:18:29
109418,1171,2,2014-06-24 10:17:30
11086,395,1,2010-03-28 12:28:20
67373,742,4,2017-02-07 08:21:07
10154,1909,0,2017-12-13 07:09:19
10362,729,1,2017-05-03 02:58:30
2642,1388,3,2016-03-13 13:29:14
7870,1298,3,2013-09-14 11:01:12
10187,1583,2,2009-10-10 05:05:27
9709,1422,0,2017-07-02 18:29:30
9962,777,4,2015-09-23 08:48:07
10733,1158,0,2015-05-10 23:57:52
14161,769,2,2013-02-24 21:26:00
146216,309,1,2016-11-06 07:44:13
10375,607,2,2015-01-20 10:39:28
12602,366,1,2016-07-25 18:28:59
83860,960,4,2011-09-07 09:06:19
47534,1440,1,2017-01-25 09:14:56
15059,1795,1,2017-09-10 21:12:11
201088,680,1,2010-09-14 05:38:44
795,170,3,2017-09-10 17:24:52
8780,992,3,2010-08-13 05:43:27
11665,343,0,2011-03-07 00:41:08
1771,1991,4,2010-12-10 08:38:01
181533,1994,2,2015-04-27 20:47:04
228326,801,0,2010-04-27 22:34:27
10160,972,0,2010-06-16 13:09:34
10712,155,1,2012-05-02 14:54:26
206197,219,1,2017-10-17 00:06:36
24137,1557,3,2012-10-01 15:36:21
270554,1229,1,2015-11-04 17:12:35
41733,1719,3,2016-01-27 06:54:02
76492,1734,3,2014-11-30 18:18:02
10008,1931,0,2015-05-19 21:25:03
2787,1249,2,2010-08-20 19:23:53
12100,1859,2,2009-11-24 03:33:12
214756,1779,2,2017-11-24 21:17:12
82507,1251,1,2016-06-20 11:27:21
4657,499,0,2012-07-06 08:41:26
331,1014,1,2016-04-24 21:02:17
8077,1656,1,2015-02-17 11:00:07
8011,901,2,2012-11-07 09:25:17
16158,1081,2,2016-08-14 14:03:49
20542,1431,2,2015-02-24 16:21:57
674,812,3,2014-08-24 13:09:26
11351,653,3,2009-12-16 02:24:04
68727,1629,4,2017-04-29 21:55:21
116745,380,4,2010-10-23 18:30:41
42819,682,0,2014-10-20 13:48:02
612,982,2,2012-11-24 14:45:37
48035,1674,0,2015-10-07 01:57:28
9806,1145,3,2011-10-20 13:34:19
32579,1772,1,2013-05-17 00:31:58
11798,845,3,2011-07-02 14:55:45
11975,1724,1,2011-06-16 10:45:36
46415,137,2,2016-01-27 08:26:35
50359,891,1,2016-01-07 00:54:14
11544,1597,4,2015-12-05 11:57:46
8909,356,2,2017-07-16 22:16:50
25353,1325,3,2009-02-24 19:24:41
39780,411,4,2009-09-24 13:52:33
5178,308,2,2013-10-01 10:59:34
49521,1540,1,2013-09-14 21:40:23
754,1068,0,2016-10-21 20:34:01
26320,1691,4,2011-04-15 12:04:25
187017,841,0,2014-11-07 06:33:40
27983,741,1,2012-11-18 21:04:53
59930,282,3,2016-08-07 06:31:38
43434,1112,2,2014-04-11 21:03:24
314,1583,0,2017-04-19 09:05:12
37233,534,0,2013-01-29 00:34:33
5176,476,0,2013-07-13 05:10:09
9916,22,2,2015-07-01 08:47:33
278927,916,0,2011-12-20 04:01:04
652,862,0,2009-08-22 23:42:20
8984,349,1,2015-07-15 15:55:45
78705,1233,1,2015-03-13 19:21:55
18,443,3,2010-02-23 06:25:30
39563,91,1,2013-02-28 18:56:59
2084,964,1,2016-09-02 19:48:31
1777,1079,0,2013-01-31 07:56:08
322745,1634,0,2013-10-28 01:07:56
211086,919,0,2015-09-14 07:38:42
184374,1264,1,2012-07-27 14:31:23
257211,907,2,2011-09-15 02:07:14
10756,1106,4,2016-04-11 18:22:56
294512,357,3,2010-03-09 08:38:53
127585,763,3,2016-03-17 08:52:57
27380,1967,3,2017-03-02 09:58:30
14202,948,4,2011-10-24 07:47:26
9447,1333,0,2013-10-20 12:46:03
2786,557,2,2013-01-22 16:18:28
16642,1619,0,2015-12-17 01:18:55
49017,423,2,2015-08-29 12:05:38
1382,1195,4,2014-05-04 02:10:52
34314,1066,3,2017-01-29 22:39:14
20862,836,1,2012-07-09 00:25:07
6615,910,2,2010-07-02 16:03:37
13025,16,2,2009-03-27 01:11:23
100042,1450,4,2011-12-03 00:20:27
16899,573,1,2016-08-08 23:19:47
8922,583,1,2009-06-12 07:59:55
13053,1322,0,2012-02-18 09:12:27
6963,1758,0,2017-02-12 16:12:36
10439,157,2,2013-02-10 18:15:04
788,1867,2,2014-07-11 12:08:45
9593,1374,2,2010-07-13 15:20:43
1966,1527,1,2016-01-28 06:57:34
10200,378,0,2011-10-14 05:50:18
1125,362,0,2010-01-07 07:09:41
9095,771,0,2010-10-24 11:02:05
10947,273,1,2016-03-14 16:28:03
14574,176,3,2012-09-06 16:03:20
2294,453,4,2017-04-27 06:50:11
59967,320,3,2012-04-15 20:21:45
277685,1303,0,2017-10-07 04:11:23
25113,594,2,2013-02-04 18:45:22
19901,1002,4,2012-09-03 08:08:05
50357,786,1,2012-05-08 17:11:00
36334,417,1,2015-04-05 02:15:44
323676,611,0,2012-03-06 12:34:18
12509,733,4,2014-06-18 15:32:50
3089,1505,1,2015-07-05 09:36:31
101179,169,4,2012-06-29 18:05:13
1911,1834,2,2014-10-29 22:02:03
27404,73,2,2010-02-17 14:12:23
211672,504,4,2010-12-25 03:34:09
311,714,3,2009-05-23 05:10:32
11866,1871,2,2011-05-31 00:34:04
20737,639,2,2009-11-24 19:30:20
4824,907,0,2009-05-03 01:01:03
226486,293,1,2017-03-16 10:22:23
8914,999,0,2012-05-15 06:48:52
10999,868,2,2014-05-31 13:21:50
126319,1302,1,2015-06-21 00:09:29
9641,146,2,2017-11-27 15:48:40
153795,463,1,2009-11-24 11:57:44
7553,1612,3,2013-05-06 13:40:35
37799,1340,2,2012-06-01 09:12:43
1988,1643,4,2014-05-15 07:00:02
10448,62,4,2009-03-15 19:04:54
9992,1731,3,2009-10-19 05:10:50
61791,41,3,2015-09-18 22:18:22
10281,1526,4,2009-06-25 10:21:46
9802,1540,4,2017-08-10 11:21:20
44594,367,2,2012-12-20 17:53:11
24137,1291,3,2017-09-25 08:35:50
52462,881,2,2014-10-17 21:38:04
257445,1477,3,2009-12-05 23:17:53
34813,1082,0,2017-11-04 13:09:32
386826,684,2,2014-07-26 04:12:42
522,861,0,2014-02-14 14:12:42
201132,156,3,2015-11-23 00:08:08
1578,942,0,2010-04-11 11:43:32
16323,1184,1,2011-12-24 13:34:41
1428,1502,0,2009-12-10 10:05:32
688,1673,3,2010-09-17 11:09:04
75986,639,1,2009-01-06 12:30:36
11056,1866,1,2015-09-05 21:40:22
11478,1771,3,2016-01-23 23:19:30
46256,1100,2,2011-11-17 03:44:38
3131,635,4,2017-03-31 03:46:56
25066,1277,4,2017-03-22 17:53:06
296098,1579,0,2014-09-18 19:21:50
11162,770,4,2015-09-28 06:20:40
12405,1210,3,2015-03-11 14:36:33
10741,1330,1,2013-10-28 12:26:44
10017,548,3,2009-06-03 21:40:09
42057,250,0,2012-06-19 14:22:45
1705,1439,0,2010-03-05 11:10:17
361505,709,0,2009-10-25 23:55:46
9950,690,4,2010-09-28 11:47:38
294512,782,0,2012-09-29 20:38:12
10003,1599,4,2009-11-23 08:39:05
51828,4,3,2014-07-13 16:04:55
9906,1567,2,2012-11-07 21:35:35
10196,1314,0,2009-05-19 22:22:12
8981,1180,4,2010-05-13 02:03:24
209112,1575,3,2013-07-15 02:50:42
127493,1352,0,2016-02-28 09:44:27
2088,682,1,2013-05-09 12:36:11
73532,696,0,2010-11-20 15:14:10
14156,1602,4,2011-06-18 10:54:54
14293,462,1,2013-10-03 18:07:12
9335,1704,2,2017-01-04 00:11:49
10610,1921,0,2013-10-11 00:21:14
1724,523,2,2010-12-12 00:31:50
8818,1208,2,2015-08-18 19:44:38
54138,1563,4,2017-09-05 00:05:22
7737,1194,3,2010-11-30 20:16:50
66607,30,4,2016-04-29 12:26:04
20794,93,4,2015-09-18 06:36:17
17264,1497,3,2011-07-01 02:38:56
87,1396,2,2015-08-03 14:01:21
9918,1731,4,2017-05-31 22:55:15
9603,853,4,2011-10-30 07:07:51
48572,444,4,2011-04-11 10:54:14
13092,526,0,2014-03-23 18:02:45
9344,1512,1,2010-08-04 18:25:02
9481,837,0,2012-12-04 11:49:26
264660,1703,1,2010-10-10 02:23:34
31915,1882,0,2016-12-18 02:16:20
280391,1020,1,2014-10-26 11:37:10
16558,561,2,2011-02-22 23:50:48
9715,11,2,2017-04-02 13:22:47
73935,1680,0,2013-11-04 08:00:17
52010,415,4,2014-07-23 13:05:30
39538,938,1,2013-06-19 03:36:37
45132,492,3,2016-07-20 08:40:27
2779,1829,1,2012-06-16 09:25:46
6972,1116,4,2010-09-13 08:42:43
9916,13,3,2017-02-10 20:02:29
253290,1907,1,2009-05-09 00:34:32
7446,1043,2,2017-10-23 09:02:57
25769,858,0,2011-04-22 20:40:37
10012,768,3,2011-07-21 13:17:45
76996,299,0,2012-07-27 07:41:42
20794,186,3,2010-05-17 05:59:50
10096,1139,1,2011-06-13 22:29:51
5353,1213,4,2012-01-12 17:10:18
10366,1029,2,2012-04-22 12:30:50
22881,1160,1,2014-05-24 09:26:14
361475,207,0,2015-09-16 10:02:39
1894,470,0,2016-03-04 00:34:24
43839,969,2,2017-10-16 11:58:52
9715,899,3,2013-03-01 00:50:05
13963,1054,3,2014-05-02 14:50:10
2895,868,0,2017-01-22 22:56:07
11702,89,1,2017-03-09 11:09:50
166624,1195,2,2016-11-23 03:35:44
9074,54,1,2011-09-11 10:26:47
24977,865,4,2015-05-19 11:00:20
53457,1539,2,2016-03-06 21:52:48
17139,719,3,2011-04-13 09:37:36
17577,795,0,2013-04-28 16:18:50
21801,1187,3,2017-10-05 17:22:42
13538,1227,3,2014-12-14 23:47:51
342,655,3,2013-08-22 12:35:26
926,469,1,2015-01-03 08:03:39
9626,924,3,2011-04-07 03:10:31
11823,603,4,2016-12-11 02:50:17
9434,1832,4,2016-12-10 02:09:31
9693,698,1,2016-11-02 09:23:38
164372,1121,0,2013-02-18 20:08:34
13335,1345,1,2010-05-03 19:04:20
9021,1656,3,2017-08-03 12:40:43
